student_id,course_id,grade
2019000000,102,P
2019000000,101,A
2019000000,105,A+
2019000000,110,A
2019000001,102,P
2019000001,109,F
2019000002,107,A+
2019000002,101,P
2019000002,109,B+
2019000002,108,A
2019000003,109,B+
2019000003,101,B
2019000004,109,P
2019000004,107,F
2019000004,104,A
2019000004,108,B
2019000005,103,B+
2019000005,107,F
2019000006,103,B
2019000006,104,B+
2019000006,106,O
2019000007,107,A
2019000007,102,F
2019000008,110,A+
2019000008,105,P
2019000008,101,B+
2019000009,102,C
2019000009,107,F
2019000009,110,F
2019000009,105,F
2019000010,110,O
2019000010,106,A+
2019000010,104,B
2019000010,109,F
2019000011,104,C
2019000011,105,B
2019000012,102,P
2019000012,107,A
2019000013,106,P
2019000013,103,B+
2019000013,110,A
2019000014,105,P
2019000014,102,F
2019000015,104,P
2019000015,103,A
2019000015,108,A+
2019000015,110,P
2019000016,109,O
2019000016,104,B+
2019000016,106,A
2019000016,107,B
2019000017,101,B
2019000017,106,A+
2019000018,102,B+
2019000018,104,F
2019000018,106,P
2019000019,108,A+
2019000019,107,C
2019000019,110,A+
2019000019,102,A+
2019000020,104,C
2019000020,109,P
2019000021,110,F
2019000021,107,A
2019000021,109,B
2019000021,103,B+
2019000022,109,O
2019000022,108,F
2019000023,102,O
2019000023,103,A+
2019000024,107,F
2019000024,102,P
2019000024,110,C
2019000024,104,P
2019000025,105,B+
2019000025,109,P
2019000025,101,O
2019000025,106,O
2019000026,109,B
2019000026,105,A+
2019000026,106,A
2019000026,101,C
2019000027,103,F
2019000027,108,F
2019000027,101,F
2019000028,103,A+
2019000028,109,A+
2019000028,102,B+
2019000028,107,F
2019000029,109,A
2019000029,104,F
2019000029,103,B
2019000029,108,A
2019000030,109,A
2019000030,101,O
2019000030,106,A+
2019000030,104,A
2019000031,106,B
2019000031,105,A+
2019000032,104,P
2019000032,102,A
2019000033,108,A+
2019000033,102,O
2019000033,103,B
2019000033,109,A
2019000034,103,F
2019000034,105,C
2019000034,107,A
2019000034,102,B+
2019000035,105,O
2019000035,107,B+
2019000035,106,F
2019000035,104,O
2019000036,104,A+
2019000036,110,P
2019000037,101,B
2019000037,109,F
2019000037,104,O
2019000038,102,O
2019000038,101,O
2019000039,101,P
2019000039,106,B+
2019000040,104,B+
2019000040,105,C
2019000040,108,B+
2019000040,102,B+
2019000041,110,A+
2019000041,108,O
2019000041,104,P
2019000041,107,O
2019000042,104,O
2019000042,102,C
2019000042,109,B+
2019000043,107,A+
2019000043,110,B+
2019000043,108,A+
2019000044,102,A
2019000044,101,A
2019000044,107,O
2019000044,106,P
2019000045,104,A+
2019000045,110,C
2019000046,108,C
2019000046,103,B+
2019000046,107,B+
2019000046,102,P
2019000047,104,P
2019000047,102,A+
2019000047,108,B+
2019000048,109,B+
2019000048,101,A+
2019000049,103,C
2019000049,107,C
2019000050,104,A
2019000050,107,O
2019000050,101,P
2019000051,101,C
2019000051,107,O
2019000051,105,P
2019000052,107,B+
2019000052,109,F
2019000052,108,B+
2019000053,105,A+
2019000053,104,B
2019000054,109,C
2019000054,101,O
2019000054,106,A+
2019000054,110,B+
2019000055,108,P
2019000055,109,B
2019000055,103,F
2019000055,101,A+
2019000056,102,A
2019000056,110,B
2019000057,102,A+
2019000057,104,C
2019000057,101,P
2019000058,110,A
2019000058,109,C
2019000058,106,A
2019000059,106,C
2019000059,104,F
2019000060,103,A+
2019000060,105,C
2019000060,108,O
2019000061,101,F
2019000061,108,P
2019000062,109,B+
2019000062,104,O
2019000063,106,B+
2019000063,102,O
2019000064,105,A+
2019000064,103,B
2019000064,108,B+
2019000065,109,P
2019000065,101,B+
2019000065,105,A+
2019000065,106,O
2019000066,105,A
2019000066,102,C
2019000067,109,F
2019000067,103,B
2019000067,105,B+
2019000067,110,A
2019000068,106,P
2019000068,104,B+
2019000068,105,O
2019000068,108,B+
2019000069,101,F
2019000069,102,C
2019000069,107,A
2019000070,101,B
2019000070,106,C
2019000071,105,O
2019000071,103,P
2019000071,108,B
2019000071,110,O
2019000072,101,B+
2019000072,102,C
2019000072,109,C
2019000072,106,B+
2019000073,101,B+
2019000073,106,O
2019000073,103,B+
2019000073,104,B+
2019000074,105,P
2019000074,106,C
2019000075,104,A
2019000075,110,F
2019000075,102,O
2019000076,107,A+
2019000076,103,F
2019000076,104,A+
2019000076,110,B+
2019000077,107,O
2019000077,101,A
2019000078,106,B+
2019000078,107,A
2019000078,104,A+
2019000078,103,A
2019000079,102,B+
2019000079,107,B+
2019000079,101,A+
2019000079,109,P
2019000080,104,F
2019000080,108,B
2019000081,104,A
2019000081,110,B+
2019000081,101,B+
2019000082,106,P
2019000082,105,A
2019000082,102,B+
2019000083,109,B
2019000083,107,B
2019000083,106,F
2019000084,105,B+
2019000084,103,B
2019000085,102,F
2019000085,107,A+
2019000086,106,C
2019000086,107,P
2019000086,102,P
2019000086,104,A
2019000087,101,F
2019000087,107,F
2019000087,110,P
2019000088,107,P
2019000088,102,A
2019000088,106,F
2019000089,102,O
2019000089,105,P
2019000089,109,P
2019000089,106,A+
2019000090,107,B
2019000090,105,A
2019000090,103,A
2019000091,107,B
2019000091,103,P
2019000091,105,F
2019000092,101,B
2019000092,105,F
2019000092,109,B
2019000092,102,P
2019000093,110,F
2019000093,106,A+
2019000093,108,C
2019000093,104,A
2019000094,104,F
2019000094,109,B+
2019000094,108,A
2019000094,107,B+
2019000095,102,O
2019000095,105,O
2019000095,106,C
2019000095,101,F
2019000096,105,P
2019000096,104,P
2019000096,109,P
2019000096,102,C
2019000097,104,P
2019000097,108,F
2019000098,107,B
2019000098,104,A+
2019000098,110,P
2019000099,104,O
2019000099,103,A+
2019000099,101,P
2019000100,104,A
2019000100,103,B+
2019000100,108,P
2019000101,104,B
2019000101,102,C
2019000101,108,F
2019000101,109,C
2019000102,109,O
2019000102,110,P
2019000102,106,P
2019000102,107,B+
2019000103,109,B+
2019000103,107,F
2019000103,108,O
2019000103,102,C
2019000104,105,O
2019000104,104,A
2019000104,110,B
2019000105,104,F
2019000105,105,A
2019000105,108,B
2019000105,101,B+
2019000106,105,A
2019000106,106,O
2019000107,102,A+
2019000107,103,A+
2019000107,109,P
2019000107,110,P
2019000108,103,A+
2019000108,104,B+
2019000108,102,P
2019000108,109,A
2019000109,109,P
2019000109,108,B
2019000109,107,B
2019000110,107,P
2019000110,110,B
2019000111,107,P
2019000111,108,A+
2019000111,101,A+
2019000111,103,C
2019000112,107,A
2019000112,109,B
2019000112,104,B+
2019000113,105,P
2019000113,107,B
2019000114,107,O
2019000114,106,A
2019000115,103,F
2019000115,108,O
2019000115,110,A+
2019000115,105,A+
2019000116,110,P
2019000116,101,P
2019000116,102,B
2019000117,108,P
2019000117,103,A
2019000118,107,A
2019000118,106,C
2019000118,104,A
2019000119,106,A
2019000119,107,B+
2019000119,105,F
2019000120,102,A
2019000120,108,A+
2019000120,101,F
2019000121,104,B+
2019000121,102,A
2019000121,101,B+
2019000122,104,O
2019000122,101,A
2019000123,103,B+
2019000123,108,B
2019000124,104,P
2019000124,108,F
2019000124,105,A+
2019000124,107,A
2019000125,110,A+
2019000125,102,B
2019000126,102,A+
2019000126,101,P
2019000126,105,A+
2019000127,104,B
2019000127,102,A+
2019000127,110,C
2019000128,105,O
2019000128,102,B+
2019000128,101,F
2019000128,103,F
2019000129,106,A+
2019000129,102,O
2019000129,110,O
2019000129,101,B
2019000130,102,O
2019000130,107,O
2019000130,106,A+
2019000131,103,B+
2019000131,107,O
2019000131,110,P
2019000131,106,B
2019000132,109,F
2019000132,108,F
2019000132,110,C
2019000132,104,P
2019000133,104,C
2019000133,102,C
2019000133,105,C
2019000134,108,C
2019000134,107,B+
2019000135,108,C
2019000135,106,P
2019000136,104,P
2019000136,106,O
2019000136,105,C
2019000137,110,C
2019000137,105,A+
2019000137,101,O
2019000138,104,F
2019000138,107,P
2019000139,104,A
2019000139,108,O
2019000139,109,A+
2019000139,110,B
2019000140,105,B+
2019000140,104,C
2019000141,104,F
2019000141,105,F
2019000141,106,P
2019000141,110,B+
2019000142,109,O
2019000142,106,C
2019000142,110,O
2019000143,105,C
2019000143,110,O
2019000143,104,C
2019000144,104,F
2019000144,106,B+
2019000144,102,F
2019000144,109,P
2019000145,104,A+
2019000145,108,C
2019000146,110,P
2019000146,109,F
2019000146,105,A+
2019000146,101,P
2019000147,104,B
2019000147,106,B+
2019000147,103,A
2019000148,109,O
2019000148,103,A
2019000149,101,F
2019000149,109,A+
2019000150,103,B
2019000150,108,F
2019000150,102,A
2019000150,107,F
2019000151,105,A+
2019000151,108,F
2019000151,109,B+
2019000151,104,B+
2019000152,101,B+
2019000152,105,A
2019000153,102,A+
2019000153,107,A+
2019000154,110,P
2019000154,101,O
2019000155,110,A
2019000155,105,C
2019000156,102,P
2019000156,109,B
2019000157,110,B+
2019000157,104,B
2019000157,107,F
2019000157,109,A+
2019000158,110,A
2019000158,107,F
2019000158,105,A+
2019000159,102,C
2019000159,104,B+
2019000159,109,A+
2019000159,103,C
2019000160,104,P
2019000160,103,P
2019000161,101,P
2019000161,107,B+
2019000162,110,B+
2019000162,108,B
2019000162,105,A+
2019000162,101,B
2019000163,105,A+
2019000163,108,A+
2019000163,102,A+
2019000164,110,C
2019000164,104,B+
2019000164,107,A+
2019000165,104,C
2019000165,103,A
2019000165,105,C
2019000165,107,P
2019000166,101,O
2019000166,103,B
2019000167,110,O
2019000167,105,B+
2019000167,108,P
2019000167,101,P
2019000168,105,C
2019000168,107,C
2019000168,110,A
2019000168,108,B+
2019000169,102,A+
2019000169,101,P
2019000169,107,O
2019000170,105,F
2019000170,101,C
2019000170,102,A
2019000170,108,B
2019000171,105,B+
2019000171,101,F
2019000171,103,F
2019000171,104,A
2019000172,103,B
2019000172,107,A
2019000172,108,O
2019000173,106,C
2019000173,107,B
2019000173,110,A+
2019000174,102,B
2019000174,103,F
2019000174,106,B+
2019000174,104,F
2019000175,107,B
2019000175,109,P
2019000175,101,O
2019000176,106,C
2019000176,105,A
2019000177,107,B+
2019000177,109,B+
2019000178,109,O
2019000178,108,A
2019000178,107,F
2019000178,101,P
2019000179,106,B
2019000179,108,A
2019000179,109,O
2019000179,107,P
2019000180,105,C
2019000180,109,P
2019000181,108,F
2019000181,110,C
2019000181,102,P
2019000182,110,P
2019000182,104,A+
2019000182,103,B
2019000182,108,B
2019000183,107,B+
2019000183,102,P
2019000183,104,A+
2019000183,110,A
2019000184,102,C
2019000184,103,O
2019000184,108,B
2019000185,105,F
2019000185,107,A
2019000185,108,A
2019000185,104,F
2019000186,109,F
2019000186,103,B
2019000186,107,A
2019000187,109,B+
2019000187,103,B+
2019000187,102,B+
2019000187,110,O
2019000188,109,C
2019000188,105,A+
2019000188,101,A
2019000189,105,P
2019000189,108,P
2019000189,103,A
2019000189,104,O
2019000190,106,A+
2019000190,109,C
2019000190,107,F
2019000191,104,A
2019000191,110,O
2019000191,107,A+
2019000192,101,C
2019000192,106,P
2019000192,108,A
2019000193,103,P
2019000193,108,B+
2019000193,101,O
2019000194,110,A+
2019000194,106,B+
2019000194,102,P
2019000194,107,F
2019000195,109,B
2019000195,108,A
2019000196,103,P
2019000196,107,A+
2019000196,110,F
2019000196,101,P
2019000197,106,B
2019000197,107,F
2019000197,102,C
2019000198,109,O
2019000198,107,A+
2019000198,106,A+
2019000198,108,A+
2019000199,101,A+
2019000199,102,F
2019000199,104,B+
2019000199,106,O
2019000200,102,F
2019000200,107,B
2019000201,102,A+
2019000201,108,A
2019000201,103,P
2019000201,106,F
2019000202,101,P
2019000202,106,B
2019000203,106,A
2019000203,110,A+
2019000203,107,C
2019000204,109,A+
2019000204,107,A
2019000205,103,P
2019000205,102,O
2019000206,104,P
2019000206,108,F
2019000206,103,A+
2019000206,102,A+
2019000207,105,B+
2019000207,108,A+
2019000207,110,A
2019000207,106,A
2019000208,105,O
2019000208,109,F
2019000208,103,C
2019000209,106,A+
2019000209,105,O
2019000209,107,A
2019000210,105,B+
2019000210,104,A
2019000210,107,A+
2019000211,104,B
2019000211,107,O
2019000212,105,A+
2019000212,110,A+
2019000212,101,B
2019000212,107,C
2019000213,101,A
2019000213,110,P
2019000213,108,O
2019000214,110,B+
2019000214,106,B
2019000215,104,O
2019000215,105,B
2019000215,103,F
2019000215,106,A
2019000216,101,F
2019000216,105,C
2019000216,108,C
2019000216,110,B+
2019000217,103,A+
2019000217,102,O
2019000217,105,B+
2019000217,110,O
2019000218,104,B+
2019000218,103,A
2019000219,109,B
2019000219,105,B+
2019000219,103,A
2019000219,108,B+
2019000220,106,C
2019000220,102,B
2019000220,108,A
2019000221,104,P
2019000221,107,A+
2019000222,107,B
2019000222,101,B
2019000223,102,P
2019000223,108,A
2019000223,106,P
2019000223,109,F
2019000224,107,A+
2019000224,106,B
2019000224,102,P
2019000224,109,A
2019000225,101,B+
2019000225,109,A+
2019000225,106,B
2019000226,102,B+
2019000226,108,C
2019000226,105,A
2019000226,106,P
2019000227,103,A
2019000227,101,C
2019000228,108,P
2019000228,102,P
2019000228,109,O
2019000229,103,B+
2019000229,107,A+
2019000229,108,B
2019000229,110,A+
2019000230,103,A+
2019000230,107,P
2019000230,102,A+
2019000230,109,C
2019000231,107,A+
2019000231,105,C
2019000231,101,C
2019000231,106,B
2019000232,108,A
2019000232,110,B+
2019000233,102,B
2019000233,106,O
2019000233,109,A+
2019000234,105,P
2019000234,104,B+
2019000234,102,P
2019000235,104,A+
2019000235,101,A+
2019000236,104,A
2019000236,103,B
2019000236,110,F
2019000237,104,A+
2019000237,110,C
2019000237,109,B
2019000237,103,B
2019000238,101,A+
2019000238,105,O
2019000238,103,A
2019000238,102,C
2019000239,102,P
2019000239,101,A
2019000240,106,C
2019000240,104,P
2019000241,103,F
2019000241,105,A
2019000242,107,B
2019000242,109,O
2019000243,102,A
2019000243,108,A
2019000243,109,A
2019000243,107,P
2019000244,110,B
2019000244,102,O
2019000244,108,C
2019000244,105,B+
2019000245,101,P
2019000245,109,F
2019000245,105,A
2019000245,104,F
2019000246,108,C
2019000246,107,F
2019000247,102,B
2019000247,108,B
2019000247,109,P
2019000247,101,B+
2019000248,110,B
2019000248,103,A+
2019000248,102,B
2019000249,110,P
2019000249,109,C
2019000249,106,A+
2019000250,109,A+
2019000250,105,A+
2019000250,108,B+
2019000250,110,A+
2019000251,102,A
2019000251,109,O
2019000252,108,A+
2019000252,104,B
2019000252,107,F
2019000253,107,O
2019000253,110,P
2019000253,102,A
2019000254,106,F
2019000254,105,F
2019000254,110,A+
2019000255,108,P
2019000255,102,O
2019000255,109,B+
2019000255,107,O
2019000256,107,P
2019000256,102,C
2019000257,109,B+
2019000257,101,O
2019000258,102,F
2019000258,107,A
2019000258,106,B+
2019000258,109,A
2019000259,101,A+
2019000259,105,C
2019000259,109,A
2019000259,103,C
2019000260,109,O
2019000260,104,P
2019000260,103,F
2019000260,106,P
2019000261,102,A
2019000261,106,C
2019000262,105,A+
2019000262,104,C
2019000263,110,B+
2019000263,109,A+
2019000263,101,B
2019000263,105,B
2019000264,103,F
2019000264,105,B
2019000265,106,B
2019000265,101,B+
2019000265,103,O
2019000266,107,P
2019000266,102,B+
2019000266,103,B
2019000266,106,O
2019000267,109,F
2019000267,104,F
2019000268,108,O
2019000268,106,C
2019000268,103,O
2019000269,106,F
2019000269,102,C
2019000269,101,B
2019000270,110,C
2019000270,101,A+
2019000271,108,O
2019000271,107,C
2019000271,110,A
2019000272,105,P
2019000272,104,C
2019000272,102,O
2019000273,102,A+
2019000273,105,P
2019000273,108,F
2019000274,104,B+
2019000274,107,A+
2019000275,104,A
2019000275,105,P
2019000276,105,A+
2019000276,110,F
2019000277,101,O
2019000277,108,A
2019000278,103,B
2019000278,107,B+
2019000279,109,F
2019000279,106,P
2019000279,102,C
2019000279,104,B
2019000280,101,C
2019000280,108,P
2019000280,102,A
2019000281,107,B
2019000281,110,A+
2019000281,109,F
2019000281,103,F
2019000282,101,A
2019000282,106,A
2019000282,103,C
2019000283,106,P
2019000283,102,O
2019000283,107,C
2019000283,108,B+
2019000284,107,A+
2019000284,110,B+
2019000285,105,B
2019000285,106,O
2019000285,104,A
2019000286,102,P
2019000286,109,P
2019000287,109,C
2019000287,104,O
2019000287,106,A
2019000287,103,B+
2019000288,102,F
2019000288,103,B
2019000289,103,A+
2019000289,110,P
2019000290,108,F
2019000290,110,F
2019000291,110,A
2019000291,106,C
2019000291,109,P
2019000291,102,P
2019000292,108,A
2019000292,110,A+
2019000293,110,A+
2019000293,101,O
2019000293,106,A
2019000294,108,A
2019000294,110,C
2019000294,101,O
2019000295,105,B+
2019000295,102,O
2019000295,109,C
2019000296,110,P
2019000296,109,O
2019000296,101,P
2019000297,104,F
2019000297,106,B
2019000297,108,B
2019000297,105,F
2019000298,108,A+
2019000298,102,P
2019000299,102,B+
2019000299,109,A
2019000299,103,A
2019000299,101,B+
2019000300,108,B
2019000300,110,A+
2019000300,103,B
2019000300,109,B+
2019000301,107,P
2019000301,110,B+
2019000301,106,F
2019000302,106,A+
2019000302,102,A
2019000302,110,B+
2019000302,101,A
2019000303,105,B+
2019000303,103,A+
2019000303,106,A
2019000304,103,P
2019000304,106,O
2019000304,105,B
2019000304,109,B+
2019000305,110,A
2019000305,102,P
2019000306,107,O
2019000306,106,B+
2019000306,103,A+
2019000306,109,O
2019000307,107,P
2019000307,109,P
2019000307,106,B
2019000307,101,B+
2019000308,103,B+
2019000308,104,C
2019000308,106,P
2019000309,104,F
2019000309,103,O
2019000310,105,P
2019000310,102,O
2019000311,106,B
2019000311,103,A+
2019000311,107,B
2019000311,102,C
2019000312,110,B
2019000312,103,C
2019000313,107,P
2019000313,106,B+
2019000314,110,C
2019000314,105,O
2019000314,108,A
2019000315,104,O
2019000315,105,O
2019000315,108,O
2019000315,107,C
2019000316,110,B+
2019000316,108,B
2019000316,109,F
2019000317,109,B
2019000317,110,A+
2019000317,107,P
2019000318,110,A
2019000318,103,B
2019000319,108,F
2019000319,106,C
2019000320,109,C
2019000320,102,B
2019000320,105,A+
2019000320,101,A+
2019000321,108,O
2019000321,109,A
2019000321,103,C
2019000322,104,C
2019000322,108,C
2019000323,107,C
2019000323,101,B+
2019000324,106,B
2019000324,104,B+
2019000324,107,P
2019000324,101,A+
2019000325,101,A+
2019000325,106,A
2019000326,106,A+
2019000326,103,O
2019000326,109,B+
2019000326,101,B+
2019000327,103,F
2019000327,108,A+
2019000327,109,A+
2019000328,101,C
2019000328,105,B
2019000329,109,F
2019000329,110,B+
2019000330,105,A
2019000330,104,O
2019000331,101,A
2019000331,104,B+
2019000332,110,P
2019000332,108,B
2019000332,102,C
2019000332,101,C
2019000333,109,F
2019000333,101,A+
2019000333,104,P
2019000333,106,A+
2019000334,107,F
2019000334,101,P
2019000334,106,O
2019000335,107,A
2019000335,103,B
2019000335,102,A
2019000335,105,B
2019000336,109,O
2019000336,110,O
2019000337,108,B+
2019000337,101,P
2019000337,107,F
2019000338,101,A+
2019000338,106,A
2019000338,102,F
2019000339,102,P
2019000339,106,P
2019000340,106,P
2019000340,109,B
2019000341,103,B+
2019000341,108,A
2019000341,109,O
2019000341,106,A
2019000342,102,B+
2019000342,108,O
2019000343,104,F
2019000343,101,B
2019000343,110,B
2019000344,105,B+
2019000344,109,B
2019000344,107,B
2019000345,101,A+
2019000345,104,A
2019000345,105,B+
2019000346,106,O
2019000346,105,B+
2019000347,107,B
2019000347,110,O
2019000347,108,A
2019000348,103,B
2019000348,108,A
2019000348,109,B
2019000349,105,O
2019000349,102,B+
2019000349,107,B+
2019000349,101,A+
2019000350,103,O
2019000350,109,C
2019000350,105,C
2019000350,110,C
2019000351,106,A+
2019000351,105,B
2019000352,110,A
2019000352,107,P
2019000352,103,B
2019000353,108,C
2019000353,101,O
2019000353,106,O
2019000354,101,C
2019000354,102,B+
2019000354,107,B
2019000355,103,A
2019000355,101,B
2019000355,110,O
2019000355,107,A+
2019000356,103,P
2019000356,102,B
2019000357,106,B+
2019000357,110,F
2019000357,107,B+
2019000357,105,C
2019000358,103,B
2019000358,108,B+
2019000358,106,P
2019000358,110,A
2019000359,110,F
2019000359,103,B+
2019000360,106,P
2019000360,105,C
2019000360,104,A
2019000361,103,F
2019000361,108,A+
2019000362,102,F
2019000362,105,A
2019000362,109,F
2019000362,106,A
2019000363,110,A
2019000363,105,B+
2019000364,102,F
2019000364,103,A
2019000365,103,B
2019000365,108,O
2019000365,102,B
2019000366,106,A
2019000366,102,A
2019000366,105,P
2019000366,103,B+
2019000367,103,A+
2019000367,106,A
2019000367,104,A+
2019000367,101,P
2019000368,104,B+
2019000368,108,F
2019000369,109,P
2019000369,106,A+
2019000369,108,A
2019000370,102,O
2019000370,110,A+
2019000370,105,P
2019000370,104,P
2019000371,107,O
2019000371,110,A+
2019000371,102,O
2019000371,108,O
2019000372,102,A
2019000372,108,B+
2019000372,109,A+
2019000372,106,B
2019000373,109,A
2019000373,103,O
2019000374,109,O
2019000374,101,A+
2019000374,102,C
2019000375,103,A+
2019000375,110,B+
2019000375,106,A
2019000376,109,F
2019000376,105,F
2019000376,102,A
2019000377,109,B
2019000377,105,C
2019000378,105,F
2019000378,109,A
2019000378,102,B+
2019000378,110,O
2019000379,110,B
2019000379,103,A+
2019000379,109,O
2019000379,106,O
2019000380,101,A+
2019000380,110,B
2019000380,102,A+
2019000380,109,P
2019000381,104,A
2019000381,107,O
2019000381,101,B+
2019000381,110,O
2019000382,105,B+
2019000382,108,P
2019000382,104,P
2019000382,107,A
2019000383,108,C
2019000383,102,B
2019000383,101,B+
2019000384,107,P
2019000384,108,A+
2019000384,109,F
2019000385,110,A
2019000385,103,A+
2019000385,106,B+
2019000386,106,A+
2019000386,107,B
2019000386,103,C
2019000386,109,A+
2019000387,109,C
2019000387,102,A+
2019000387,106,C
2019000387,110,A+
2019000388,105,O
2019000388,108,A
2019000389,102,A
2019000389,101,P
2019000390,110,C
2019000390,107,A
2019000390,104,P
2019000391,110,A
2019000391,106,B
2019000391,104,B
2019000392,109,C
2019000392,108,A+
2019000392,110,B
2019000393,101,F
2019000393,102,C
2019000393,107,B
2019000394,104,A+
2019000394,106,O
2019000395,105,A
2019000395,108,A
2019000396,109,C
2019000396,101,A
2019000396,102,P
2019000397,105,F
2019000397,106,F
2019000398,101,A+
2019000398,107,A+
2019000398,110,P
2019000399,109,B
2019000399,105,A
2019000399,102,A+
2019000400,108,C
2019000400,109,A
2019000400,105,A
2019000400,107,P
2019000401,102,C
2019000401,107,C
2019000402,109,F
2019000402,106,P
2019000402,103,F
2019000403,109,P
2019000403,107,C
2019000403,101,A
2019000403,108,B+
2019000404,106,P
2019000404,108,P
2019000405,110,F
2019000405,109,F
2019000406,110,B+
2019000406,106,P
2019000406,103,A+
2019000407,105,P
2019000407,106,B+
2019000407,108,A+
2019000407,109,B+
2019000408,101,C
2019000408,106,O
2019000408,109,B+
2019000409,110,O
2019000409,105,C
2019000409,101,F
2019000410,110,A
2019000410,104,A+
2019000410,101,O
2019000411,109,C
2019000411,107,C
2019000412,104,A
2019000412,101,B
2019000412,102,F
2019000412,108,A
2019000413,106,P
2019000413,107,B+
2019000413,103,B+
2019000414,104,B+
2019000414,107,O
2019000414,108,A
2019000414,109,A+
2019000415,103,A
2019000415,109,P
2019000415,104,O
2019000415,105,P
2019000416,108,C
2019000416,109,O
2019000416,107,A+
2019000416,103,A+
2019000417,109,F
2019000417,106,A
2019000417,110,O
2019000418,108,A
2019000418,104,C
2019000418,109,A
2019000418,103,A+
2019000419,105,B+
2019000419,110,A+
2019000420,108,O
2019000420,106,P
2019000420,110,A
2019000420,103,A
2019000421,102,F
2019000421,109,A
2019000421,107,B
2019000422,103,F
2019000422,105,P
2019000422,101,C
2019000423,102,F
2019000423,106,O
2019000423,108,B
2019000423,109,A+
2019000424,108,A
2019000424,104,O
2019000424,109,O
2019000424,107,A
2019000425,105,A
2019000425,103,O
2019000425,102,P
2019000425,110,P
2019000426,101,F
2019000426,109,B
2019000427,104,B
2019000427,101,B+
2019000427,102,P
2019000427,110,A
2019000428,108,B
2019000428,102,A+
2019000428,103,P
2019000428,101,A
2019000429,108,B+
2019000429,110,P
2019000429,104,O
2019000430,105,B+
2019000430,101,P
2019000430,102,A
2019000431,101,A+
2019000431,103,F
2019000431,107,F
2019000431,108,C
2019000432,107,P
2019000432,108,P
2019000433,105,A
2019000433,101,O
2019000433,109,C
2019000433,103,P
2019000434,105,B+
2019000434,108,B
2019000434,109,A+
2019000435,108,A+
2019000435,105,A+
2019000435,104,C
2019000435,107,C
2019000436,103,O
2019000436,108,B+
2019000436,105,B
2019000437,106,A
2019000437,105,A+
2019000438,110,A+
2019000438,107,B+
2019000439,106,O
2019000439,102,B
2019000439,107,B+
2019000439,110,B+
2019000440,103,O
2019000440,108,B+
2019000441,101,B
2019000441,105,A+
2019000442,108,O
2019000442,105,F
2019000443,110,O
2019000443,101,O
2019000443,105,C
2019000444,104,A+
2019000444,101,B
2019000444,102,O
2019000444,110,C
2019000445,107,B
2019000445,109,P
2019000446,102,B+
2019000446,105,C
2019000446,106,P
2019000446,109,C
2019000447,103,A
2019000447,108,A+
2019000448,110,C
2019000448,106,P
2019000448,107,A+
2019000449,104,A
2019000449,110,O
2019000449,102,P
2019000449,105,F
2020000450,106,O
2020000450,102,B
2020000450,109,A
2020000450,101,A
2020000451,109,F
2020000451,103,A+
2020000451,110,A+
2020000451,108,B+
2020000452,104,B+
2020000452,108,A
2020000453,108,A
2020000453,101,C
2020000453,110,F
2020000453,102,A
2020000454,110,C
2020000454,101,B
2020000454,108,C
2020000455,101,P
2020000455,107,O
2020000455,105,P
2020000455,109,B+
2020000456,104,B+
2020000456,102,A+
2020000456,101,A
2020000456,110,F
2020000457,102,A+
2020000457,109,O
2020000457,101,A
2020000457,108,B
2020000458,105,A+
2020000458,107,F
2020000459,107,A+
2020000459,106,F
2020000460,107,C
2020000460,110,A
2020000460,102,B
2020000461,106,A
2020000461,102,A+
2020000461,103,B
2020000461,105,C
2020000462,103,C
2020000462,104,A+
2020000462,101,A+
2020000462,107,A
2020000463,108,F
2020000463,109,B
2020000463,107,F
2020000464,104,B
2020000464,108,F
2020000465,105,A
2020000465,104,A+
2020000466,107,F
2020000466,101,O
2020000467,102,C
2020000467,110,B
2020000468,110,P
2020000468,101,P
2020000468,104,A
2020000469,108,F
2020000469,104,C
2020000469,109,C
2020000470,109,C
2020000470,105,A+
2020000471,110,P
2020000471,106,F
2020000471,109,B
2020000471,102,O
2020000472,109,O
2020000472,104,B+
2020000473,105,O
2020000473,101,A
2020000473,103,A+
2020000474,108,B
2020000474,101,P
2020000474,106,A
2020000474,110,P
2020000475,106,A+
2020000475,107,B+
2020000475,109,P
2020000475,102,F
2020000476,103,A+
2020000476,109,C
2020000476,108,F
2020000477,105,F
2020000477,103,F
2020000478,109,A+
2020000478,107,A+
2020000479,109,A
2020000479,103,A+
2020000479,107,P
2020000479,102,P
2020000480,106,B+
2020000480,102,P
2020000481,102,C
2020000481,109,A+
2020000481,104,C
2020000482,107,C
2020000482,101,F
2020000482,102,B+
2020000483,109,F
2020000483,104,A+
2020000483,108,B
2020000483,102,F
2020000484,101,O
2020000484,104,A
2020000484,109,F
2020000485,108,A
2020000485,104,B+
2020000485,109,C
2020000485,110,O
2020000486,106,P
2020000486,105,O
2020000486,107,C
2020000486,104,P
2020000487,105,F
2020000487,106,B+
2020000487,108,O
2020000488,108,B+
2020000488,106,O
2020000489,106,P
2020000489,107,B
2020000489,101,B
2020000490,103,A
2020000490,101,A+
2020000490,105,A
2020000490,108,A+
2020000491,103,B
2020000491,104,P
2020000491,106,A+
2020000492,110,B
2020000492,104,F
2020000492,108,P
2020000493,108,B+
2020000493,110,B
2020000493,109,A
2020000494,106,O
2020000494,103,A+
2020000494,109,P
2020000494,110,C
2020000495,109,B
2020000495,101,A
2020000496,101,B+
2020000496,110,C
2020000497,104,P
2020000497,102,F
2020000498,104,F
2020000498,109,A
2020000499,101,P
2020000499,108,C
2020000499,109,P
2020000500,109,O
2020000500,110,B+
2020000501,101,A+
2020000501,109,A
2020000502,105,C
2020000502,101,C
2020000502,107,O
2020000502,108,A
2020000503,102,F
2020000503,109,A
2020000504,104,F
2020000504,109,C
2020000505,105,A+
2020000505,107,P
2020000505,102,B
2020000506,108,O
2020000506,104,F
2020000506,109,A
2020000507,102,F
2020000507,101,A+
2020000507,110,O
2020000507,104,B+
2020000508,109,B+
2020000508,108,P
2020000508,101,A
2020000509,103,P
2020000509,102,B+
2020000509,108,C
2020000509,107,B+
2020000510,106,B+
2020000510,102,O
2020000510,101,C
2020000510,109,C
2020000511,110,O
2020000511,108,B
2020000511,105,B
2020000511,101,A+
2020000512,105,F
2020000512,109,F
2020000512,101,P
2020000512,102,P
2020000513,104,C
2020000513,103,C
2020000514,105,P
2020000514,103,C
2020000515,107,A+
2020000515,109,A
2020000515,106,F
2020000515,104,P
2020000516,102,C
2020000516,109,A
2020000516,106,A
2020000516,101,P
2020000517,104,P
2020000517,102,B
2020000517,106,P
2020000518,101,B
2020000518,105,A+
2020000518,108,A+
2020000519,106,A+
2020000519,109,A+
2020000520,103,O
2020000520,107,P
2020000520,102,A+
2020000521,102,F
2020000521,110,A+
2020000522,107,F
2020000522,103,O
2020000523,106,B
2020000523,102,P
2020000523,109,B+
2020000524,108,B+
2020000524,106,F
2020000524,105,P
2020000525,102,A+
2020000525,103,B+
2020000526,109,F
2020000526,110,A+
2020000526,107,C
2020000527,102,F
2020000527,106,P
2020000528,110,P
2020000528,106,O
2020000528,107,C
2020000528,101,B+
2020000529,107,B
2020000529,102,B
2020000529,104,B
2020000530,107,B
2020000530,103,P
2020000530,109,B+
2020000530,108,O
2020000531,108,P
2020000531,103,O
2020000531,102,O
2020000532,105,O
2020000532,107,A
2020000532,110,C
2020000533,106,C
2020000533,105,C
2020000534,108,A
2020000534,104,P
2020000534,110,B+
2020000534,101,P
2020000535,101,B+
2020000535,107,P
2020000535,106,O
2020000536,108,P
2020000536,106,A
2020000536,107,P
2020000537,106,A
2020000537,104,P
2020000537,108,C
2020000538,107,A
2020000538,106,P
2020000539,108,B+
2020000539,104,A+
2020000539,106,A
2020000539,109,A+
2020000540,106,P
2020000540,102,B
2020000540,104,A
2020000541,109,C
2020000541,101,B+
2020000541,108,A+
2020000541,106,A+
2020000542,105,O
2020000542,102,P
2020000542,107,O
2020000543,105,A
2020000543,104,O
2020000544,103,A+
2020000544,107,P
2020000544,109,O
2020000544,101,A
2020000545,108,F
2020000545,107,C
2020000545,109,A
2020000545,105,B+
2020000546,109,B+
2020000546,102,B
2020000546,110,B+
2020000547,106,B+
2020000547,103,P
2020000547,101,B
2020000547,105,O
2020000548,107,B
2020000548,102,A+
2020000548,101,A
2020000549,104,O
2020000549,109,A+
2020000549,110,A+
2020000550,107,F
2020000550,108,A+
2020000550,103,A+
2020000551,108,A
2020000551,102,B
2020000552,102,B
2020000552,110,A
2020000552,103,A+
2020000553,106,A+
2020000553,108,F
2020000553,104,C
2020000554,108,B+
2020000554,102,P
2020000554,110,A+
2020000555,102,F
2020000555,105,O
2020000555,101,P
2020000556,106,A+
2020000556,102,F
2020000557,104,A+
2020000557,109,B+
2020000557,103,P
2020000557,105,P
2020000558,109,C
2020000558,107,F
2020000558,108,A
2020000559,103,A
2020000559,110,B
2020000559,107,O
2020000560,110,A
2020000560,104,O
2020000561,107,A+
2020000561,110,C
2020000561,101,C
2020000561,106,F
2020000562,105,O
2020000562,102,A
2020000563,103,B
2020000563,106,A+
2020000563,109,B+
2020000563,102,O
2020000564,105,O
2020000564,108,A
2020000565,107,B+
2020000565,110,C
2020000565,102,A+
2020000565,103,B+
2020000566,110,O
2020000566,103,C
2020000566,105,A
2020000567,103,B+
2020000567,106,A+
2020000567,102,A
2020000567,108,B
2020000568,103,B
2020000568,106,F
2020000569,107,B+
2020000569,110,A+
2020000569,103,C
2020000569,105,B
2020000570,103,F
2020000570,108,F
2020000570,110,P
2020000571,105,P
2020000571,103,B+
2020000571,109,B
2020000572,110,A
2020000572,101,B+
2020000572,106,B
2020000573,103,P
2020000573,104,A+
2020000573,107,B
2020000574,108,A
2020000574,107,B+
2020000574,110,F
2020000575,102,P
2020000575,101,F
2020000576,101,P
2020000576,105,B
2020000576,104,C
2020000577,108,A+
2020000577,110,P
2020000578,102,P
2020000578,105,B+
2020000578,106,C
2020000578,109,C
2020000579,108,A+
2020000579,109,F
2020000579,104,A
2020000579,110,O
2020000580,104,B
2020000580,105,P
2020000580,101,B
2020000580,110,C
2020000581,102,P
2020000581,108,O
2020000581,110,A+
2020000582,110,A
2020000582,106,C
2020000583,110,P
2020000583,103,A
2020000584,101,C
2020000584,106,B+
2020000585,109,A+
2020000585,103,B+
2020000585,106,C
2020000585,108,C
2020000586,110,A
2020000586,105,C
2020000586,102,A+
2020000587,101,O
2020000587,105,C
2020000587,103,O
2020000588,103,C
2020000588,106,B+
2020000589,107,F
2020000589,108,C
2020000589,103,B+
2020000589,105,A+
2020000590,107,P
2020000590,110,B
2020000590,108,B+
2020000590,101,B+
2020000591,109,A+
2020000591,105,B
2020000591,106,A+
2020000592,106,P
2020000592,101,P
2020000592,102,C
2020000593,106,C
2020000593,102,B+
2020000593,107,B+
2020000593,109,O
2020000594,108,F
2020000594,105,F
2020000595,106,O
2020000595,109,B
2020000595,103,P
2020000596,101,A+
2020000596,110,A+
2020000596,102,F
2020000597,102,A
2020000597,103,C
2020000598,101,P
2020000598,107,B+
2020000598,104,O
2020000599,105,B
2020000599,103,O
2020000599,110,O
2020000599,101,F
2020000600,102,B
2020000600,106,A
2020000600,103,P
2020000601,105,O
2020000601,104,O
2020000601,107,C
2020000602,102,O
2020000602,101,A+
2020000602,104,F
2020000602,108,A+
2020000603,110,P
2020000603,104,B
2020000604,101,B
2020000604,106,C
2020000605,103,C
2020000605,108,P
2020000605,102,A+
2020000606,102,C
2020000606,110,F
2020000606,109,O
2020000607,105,P
2020000607,103,B
2020000607,107,F
2020000608,103,F
2020000608,102,A+
2020000608,101,C
2020000608,105,A+
2020000609,106,O
2020000609,104,B+
2020000609,103,O
2020000610,108,O
2020000610,104,A
2020000610,102,A+
2020000610,101,C
2020000611,110,P
2020000611,107,B+
2020000612,106,A
2020000612,103,A+
2020000612,104,B+
2020000613,102,C
2020000613,104,O
2020000613,105,O
2020000613,107,B
2020000614,105,O
2020000614,104,A+
2020000614,109,O
2020000614,106,B
2020000615,101,A+
2020000615,104,B
2020000615,108,C
2020000616,104,P
2020000616,108,B
2020000617,101,A
2020000617,106,A
2020000617,109,F
2020000617,102,A+
2020000618,107,A
2020000618,106,C
2020000618,103,A
2020000618,110,P
2020000619,101,F
2020000619,102,A+
2020000620,104,B+
2020000620,101,F
2020000620,109,F
2020000621,105,B
2020000621,109,C
2020000621,107,F
2020000621,104,B+
2020000622,109,A+
2020000622,110,B
2020000623,102,B
2020000623,105,A+
2020000623,110,C
2020000624,109,B+
2020000624,106,B+
2020000625,102,A+
2020000625,105,A+
2020000625,107,F
2020000625,106,O
2020000626,104,B+
2020000626,102,O
2020000627,108,B+
2020000627,101,F
2020000628,103,P
2020000628,102,B+
2020000628,101,F
2020000628,106,A+
2020000629,101,C
2020000629,103,B+
2020000629,108,C
2020000629,109,B
2020000630,106,F
2020000630,103,A
2020000631,102,A+
2020000631,101,A
2020000631,106,B+
2020000631,107,C
2020000632,109,P
2020000632,102,F
2020000632,105,B+
2020000633,108,P
2020000633,109,B+
2020000633,106,A+
2020000634,110,B
2020000634,103,P
2020000634,106,A
2020000635,102,B
2020000635,110,A+
2020000635,104,A
2020000636,101,F
2020000636,104,A+
2020000637,106,A+
2020000637,107,B+
2020000637,103,O
2020000638,109,F
2020000638,107,A
2020000639,104,B
2020000639,107,O
2020000639,106,F
2020000640,110,F
2020000640,106,C
2020000641,101,B
2020000641,103,A+
2020000641,104,A+
2020000641,107,C
2020000642,102,P
2020000642,108,B+
2020000642,105,A
2020000643,102,P
2020000643,109,P
2020000643,108,C
2020000644,104,O
2020000644,105,F
2020000644,109,B
2020000645,106,C
2020000645,108,A+
2020000645,104,O
2020000646,101,P
2020000646,107,P
2020000647,109,B+
2020000647,106,B
2020000648,101,B+
2020000648,107,P
2020000648,105,A
2020000649,109,B
2020000649,104,F
2020000650,101,P
2020000650,103,A+
2020000650,105,O
2020000651,104,B+
2020000651,109,A+
2020000652,106,B+
2020000652,108,A+
2020000652,102,O
2020000652,105,O
2020000653,103,B
2020000653,107,B+
2020000653,102,A+
2020000653,105,A+
2020000654,103,B
2020000654,104,B+
2020000654,105,P
2020000655,107,P
2020000655,106,P
2020000655,109,A+
2020000656,104,B+
2020000656,102,B
2020000656,110,F
2020000657,102,B+
2020000657,103,A
2020000657,110,B+
2020000657,108,C
2020000658,106,B
2020000658,107,B
2020000658,102,O
2020000659,108,A+
2020000659,105,A
2020000660,102,F
2020000660,110,B
2020000660,103,B+
2020000661,110,A
2020000661,101,C
2020000661,104,A+
2020000661,107,A
2020000662,102,A
2020000662,104,C
2020000663,109,F
2020000663,101,A
2020000663,105,O
2020000664,101,F
2020000664,107,P
2020000665,109,C
2020000665,104,O
2020000665,102,A
2020000665,110,B
2020000666,102,A+
2020000666,101,A
2020000667,103,O
2020000667,104,C
2020000668,102,F
2020000668,105,O
2020000668,110,F
2020000669,104,B+
2020000669,108,F
2020000670,106,A+
2020000670,102,O
2020000671,101,O
2020000671,103,B
2020000671,107,B+
2020000672,101,A
2020000672,107,A
2020000672,109,A+
2020000673,104,A+
2020000673,103,B
2020000673,105,C
2020000674,103,F
2020000674,101,F
2020000674,104,C
2020000675,107,B
2020000675,109,F
2020000675,108,B
2020000676,105,C
2020000676,107,F
2020000677,104,O
2020000677,109,C
2020000677,110,B
2020000678,106,C
2020000678,108,F
2020000678,109,A+
2020000679,109,B
2020000679,106,O
2020000679,107,A
2020000679,103,P
2020000680,106,B+
2020000680,104,A
2020000681,101,C
2020000681,108,F
2020000681,106,O
2020000682,102,B+
2020000682,104,P
2020000683,109,C
2020000683,101,B+
2020000683,104,A+
2020000684,103,B+
2020000684,110,P
2020000684,104,A+
2020000685,106,B
2020000685,101,F
2020000685,110,A
2020000685,105,B
2020000686,104,C
2020000686,108,C
2020000686,105,P
2020000686,102,P
2020000687,102,B
2020000687,101,B
2020000688,104,B+
2020000688,101,O
2020000688,108,C
2020000688,109,A+
2020000689,104,P
2020000689,103,F
2020000689,106,C
2020000689,108,B
2020000690,101,A+
2020000690,110,O
2020000690,103,F
2020000691,109,A
2020000691,106,F
2020000692,107,A
2020000692,102,B
2020000692,106,A
2020000693,103,B
2020000693,110,F
2020000693,107,B
2020000694,106,A+
2020000694,103,B
2020000694,110,O
2020000694,102,F
2020000695,105,O
2020000695,110,B+
2020000695,103,B
2020000696,101,A+
2020000696,107,O
2020000696,110,F
2020000696,102,B
2020000697,104,O
2020000697,102,P
2020000697,108,C
2020000697,109,O
2020000698,102,O
2020000698,104,B
2020000698,106,A
2020000698,103,C
2020000699,102,B
2020000699,106,A
2020000699,108,A+
2020000699,101,B
2020000700,104,A
2020000700,102,B+
2020000701,102,P
2020000701,101,A+
2020000701,109,B
2020000702,107,B+
2020000702,103,O
2020000702,110,F
2020000703,106,C
2020000703,109,B+
2020000703,107,P
2020000704,110,P
2020000704,104,P
2020000704,103,A+
2020000705,101,B
2020000705,105,B
2020000706,105,B
2020000706,102,A
2020000706,109,P
2020000707,107,C
2020000707,103,A
2020000708,102,B+
2020000708,106,B
2020000708,108,A
2020000708,109,P
2020000709,103,B+
2020000709,107,B
2020000709,110,B
2020000710,106,A+
2020000710,104,B
2020000711,109,F
2020000711,110,A
2020000711,105,P
2020000712,104,P
2020000712,102,A+
2020000712,101,A
2020000713,109,F
2020000713,108,C
2020000713,103,C
2020000713,101,F
2020000714,107,C
2020000714,102,P
2020000715,110,F
2020000715,108,P
2020000715,104,P
2020000715,101,F
2020000716,103,O
2020000716,105,O
2020000717,102,P
2020000717,105,A+
2020000717,107,A
2020000718,105,B
2020000718,102,B+
2020000718,107,C
2020000719,107,A
2020000719,106,B
2020000719,103,O
2020000720,105,P
2020000720,108,A
2020000721,104,P
2020000721,105,O
2020000721,101,F
2020000722,102,F
2020000722,110,O
2020000722,106,A+
2020000722,107,O
2020000723,104,B
2020000723,109,A+
2020000723,101,C
2020000723,107,A+
2020000724,107,B
2020000724,109,F
2020000724,108,C
2020000724,105,O
2020000725,105,A+
2020000725,102,O
2020000725,107,B+
2020000726,110,A
2020000726,109,F
2020000726,103,A
2020000726,101,B+
2020000727,103,A
2020000727,104,B
2020000728,101,B
2020000728,107,O
2020000729,107,F
2020000729,104,B+
2020000729,103,A+
2020000729,110,A+
2020000730,102,O
2020000730,110,A
2020000730,107,A+
2020000731,106,A+
2020000731,105,B+
2020000731,108,B+
2020000731,107,A+
2020000732,110,F
2020000732,109,O
2020000732,107,F
2020000732,101,P
2020000733,103,O
2020000733,102,A+
2020000734,102,B
2020000734,105,P
2020000734,106,F
2020000734,104,A
2020000735,108,B+
2020000735,110,B
2020000735,101,F
2020000736,107,A+
2020000736,103,P
2020000736,110,A
2020000737,106,O
2020000737,104,A
2020000737,101,A
2020000738,106,B+
2020000738,101,A
2020000738,110,B+
2020000739,105,F
2020000739,108,F
2020000739,102,B
2020000740,105,B
2020000740,108,A+
2020000741,107,F
2020000741,102,C
2020000741,104,B
2020000742,107,P
2020000742,108,P
2020000743,109,A+
2020000743,103,F
2020000744,109,P
2020000744,107,P
2020000744,103,A
2020000745,104,O
2020000745,110,B
2020000746,101,F
2020000746,108,A+
2020000747,104,P
2020000747,105,O
2020000747,106,B
2020000748,107,O
2020000748,102,F
2020000748,101,O
2020000748,109,C
2020000749,110,A
2020000749,108,F
2020000749,103,F
2020000750,109,B
2020000750,106,O
2020000750,110,A
2020000750,102,C
2020000751,102,B+
2020000751,105,C
2020000751,101,P
2020000751,104,A+
2020000752,110,A
2020000752,104,A
2020000753,104,C
2020000753,110,C
2020000753,105,F
2020000753,106,A
2020000754,101,B
2020000754,110,B
2020000754,108,P
2020000754,102,A+
2020000755,101,F
2020000755,104,P
2020000755,105,F
2020000755,108,A
2020000756,105,B
2020000756,107,A
2020000756,109,C
2020000756,108,C
2020000757,105,P
2020000757,104,A+
2020000757,108,O
2020000758,109,O
2020000758,107,A
2020000758,102,B+
2020000758,101,A+
2020000759,110,A+
2020000759,105,F
2020000759,109,F
2020000759,106,C
2020000760,102,B+
2020000760,106,B+
2020000760,105,A+
2020000761,105,A
2020000761,110,P
2020000761,104,P
2020000762,104,A+
2020000762,101,O
2020000762,107,B
2020000762,106,A+
2020000763,103,O
2020000763,101,A+
2020000763,108,F
2020000763,110,C
2020000764,107,O
2020000764,110,A
2020000764,101,C
2020000765,104,A+
2020000765,109,F
2020000765,108,P
2020000766,105,A
2020000766,103,B+
2020000766,109,B+
2020000766,108,B
2020000767,103,F
2020000767,105,F
2020000767,110,B
2020000768,102,B+
2020000768,104,B+
2020000768,106,A
2020000768,110,P
2020000769,106,B+
2020000769,110,A+
2020000769,105,O
2020000770,102,A+
2020000770,108,B+
2020000770,101,O
2020000771,104,A
2020000771,109,O
2020000771,102,C
2020000772,105,P
2020000772,107,A+
2020000772,101,C
2020000772,109,A
2020000773,104,F
2020000773,106,B+
2020000774,108,B+
2020000774,103,F
2020000774,106,C
2020000774,107,C
2020000775,108,A
2020000775,106,A+
2020000776,101,F
2020000776,110,P
2020000776,108,P
2020000777,103,A+
2020000777,110,A+
2020000778,103,A
2020000778,107,B
2020000779,107,A+
2020000779,108,A+
2020000779,110,F
2020000780,109,B+
2020000780,104,O
2020000781,106,C
2020000781,109,O
2020000782,101,B+
2020000782,104,B
2020000783,106,B
2020000783,105,P
2020000783,103,C
2020000783,101,A+
2020000784,110,A
2020000784,105,B
2020000784,103,A+
2020000784,101,B+
2020000785,105,B
2020000785,108,P
2020000785,106,O
2020000786,103,A+
2020000786,106,F
2020000786,108,B
2020000786,110,O
2020000787,107,O
2020000787,101,C
2020000788,103,P
2020000788,104,B
2020000789,109,B+
2020000789,103,C
2020000789,102,O
2020000789,110,A
2020000790,105,B+
2020000790,109,C
2020000790,101,O
2020000791,102,B+
2020000791,101,F
2020000791,109,A+
2020000791,106,O
2020000792,108,C
2020000792,107,A+
2020000792,102,P
2020000793,103,A+
2020000793,104,F
2020000793,101,A
2020000794,102,B
2020000794,109,O
2020000794,105,A+
2020000795,102,O
2020000795,109,F
2020000795,110,B+
2020000796,102,C
2020000796,108,P
2020000797,104,F
2020000797,105,B
2020000797,110,B+
2020000797,103,O
2020000798,103,O
2020000798,101,O
2020000798,108,B+
2020000799,108,P
2020000799,106,O
2020000799,104,F
2020000799,101,O
2020000800,102,P
2020000800,110,P
2020000800,108,A
2020000800,109,P
2020000801,102,P
2020000801,110,A
2020000801,105,A+
2020000801,106,F
2020000802,105,A+
2020000802,110,C
2020000802,108,C
2020000803,103,B+
2020000803,101,C
2020000804,106,P
2020000804,107,O
2020000804,102,B+
2020000805,101,B+
2020000805,103,A+
2020000806,106,O
2020000806,108,B+
2020000806,105,P
2020000807,106,O
2020000807,103,O
2020000807,102,B+
2020000808,108,O
2020000808,105,A+
2020000808,107,O
2020000809,103,A
2020000809,102,F
2020000809,110,A
2020000810,102,B
2020000810,107,O
2020000811,108,C
2020000811,103,C
2020000811,107,B+
2020000811,110,B
2020000812,101,A
2020000812,103,P
2020000812,108,F
2020000812,104,A+
2020000813,108,A+
2020000813,101,A+
2020000813,102,B
2020000814,106,B+
2020000814,101,F
2020000814,104,C
2020000814,110,B+
2020000815,109,F
2020000815,102,B
2020000815,107,C
2020000815,106,B
2020000816,106,B+
2020000816,107,B
2020000816,103,C
2020000817,103,A+
2020000817,109,O
2020000818,103,C
2020000818,102,P
2020000818,108,F
2020000819,106,B
2020000819,105,A+
2020000820,104,B+
2020000820,109,A
2020000820,107,B+
2020000820,110,B
2020000821,108,B+
2020000821,110,A+
2020000822,108,C
2020000822,110,A
2020000823,108,O
2020000823,101,B+
2020000824,107,F
2020000824,101,F
2020000824,109,A+
2020000825,110,O
2020000825,105,F
2020000825,104,O
2020000825,106,B
2020000826,106,B
2020000826,101,P
2020000826,104,B
2020000827,109,A+
2020000827,108,O
2020000827,106,B
2020000828,102,P
2020000828,104,F
2020000829,106,O
2020000829,105,P
2020000829,110,P
2020000830,103,F
2020000830,108,O
2020000831,107,B+
2020000831,102,B+
2020000831,105,P
2020000831,108,A
2020000832,102,P
2020000832,107,O
2020000833,104,B
2020000833,106,O
2020000833,102,C
2020000834,110,O
2020000834,102,C
2020000835,110,B
2020000835,109,B+
2020000835,103,O
2020000836,109,C
2020000836,101,P
2020000837,108,P
2020000837,109,O
2020000837,103,A+
2020000837,106,P
2020000838,103,B
2020000838,102,F
2020000838,107,P
2020000838,106,B
2020000839,107,A
2020000839,110,P
2020000839,104,F
2020000839,103,B+
2020000840,105,A
2020000840,108,O
2020000840,103,B
2020000841,110,B
2020000841,109,A+
2020000841,105,B+
2020000842,109,B
2020000842,104,C
2020000842,110,P
2020000842,102,O
2020000843,106,B
2020000843,103,C
2020000843,109,B
2020000843,105,B
2020000844,102,O
2020000844,106,A+
2020000844,108,B
2020000844,105,C
2020000845,109,B
2020000845,105,A
2020000845,107,F
2020000845,108,F
2020000846,102,O
2020000846,101,F
2020000846,107,O
2020000846,110,F
2020000847,101,O
2020000847,104,C
2020000847,105,F
2020000847,107,B+
2020000848,105,P
2020000848,103,O
2020000848,101,A+
2020000849,109,B
2020000849,101,C
2020000850,102,A+
2020000850,109,F
2020000850,104,A
2020000851,109,B
2020000851,105,B
2020000852,107,B
2020000852,110,F
2020000852,106,A
2020000853,105,B+
2020000853,104,A
2020000854,106,A
2020000854,109,O
2020000855,104,B+
2020000855,105,A+
2020000855,108,O
2020000855,102,A
2020000856,103,F
2020000856,109,C
2020000857,101,O
2020000857,107,B+
2020000857,105,O
2020000858,103,B
2020000858,105,B
2020000859,108,O
2020000859,103,C
2020000859,101,O
2020000860,110,B+
2020000860,101,C
2020000860,105,A+
2020000861,109,A+
2020000861,106,F
2020000861,102,A+
2020000861,107,A+
2020000862,104,B+
2020000862,103,B+
2020000862,102,C
2020000862,107,C
2020000863,109,P
2020000863,110,A+
2020000863,107,P
2020000864,104,B
2020000864,110,A
2020000864,106,O
2020000865,105,C
2020000865,104,C
2020000865,108,C
2020000866,106,P
2020000866,108,C
2020000867,110,F
2020000867,104,B
2020000867,101,O
2020000867,106,A
2020000868,102,C
2020000868,107,O
2020000868,105,B
2020000869,109,A
2020000869,106,O
2020000870,101,A+
2020000870,105,B+
2020000870,104,C
2020000871,102,C
2020000871,110,B+
2020000871,103,P
2020000871,107,O
2020000872,102,A
2020000872,104,P
2020000872,109,A+
2020000872,107,A+
2020000873,104,B+
2020000873,109,P
2020000874,102,A+
2020000874,103,O
2020000874,101,F
2020000874,104,F
2020000875,102,C
2020000875,110,B
2020000876,105,B+
2020000876,109,B
2020000877,104,B+
2020000877,105,C
2020000877,107,B+
2020000877,110,C
2020000878,107,B+
2020000878,110,F
2020000878,106,C
2020000878,101,A+
2020000879,102,B+
2020000879,109,F
2020000879,101,P
2020000879,106,C
2020000880,110,A+
2020000880,101,C
2020000880,102,A+
2020000880,103,C
2020000881,105,F
2020000881,102,B+
2020000881,110,F
2020000882,107,P
2020000882,101,B+
2020000882,108,A
2020000883,104,B+
2020000883,103,P
2020000883,107,A
2020000883,108,B
2020000884,103,B
2020000884,105,C
2020000884,106,C
2020000884,101,A+
2020000885,101,A+
2020000885,110,P
2020000886,109,P
2020000886,102,A
2020000886,105,F
2020000886,110,B+
2020000887,107,A
2020000887,109,F
2020000888,103,O
2020000888,104,A
2020000889,102,A+
2020000889,103,P
2020000890,108,B
2020000890,109,F
2020000890,102,A+
2020000890,103,A
2020000891,102,O
2020000891,104,P
2020000891,108,O
2020000892,103,A
2020000892,104,A+
2020000892,102,A
2020000893,102,P
2020000893,104,P
2020000893,106,C
2020000893,109,A
2020000894,110,P
2020000894,105,B+
2020000894,103,B
2020000895,107,A+
2020000895,103,C
2020000895,101,C
2020000896,104,A+
2020000896,107,O
2020000897,103,A+
2020000897,106,C
2020000897,108,F
2020000898,106,P
2020000898,105,F
2020000898,108,P
2020000899,110,B
2020000899,102,F
2021000900,109,A
2021000900,104,A
2021000901,102,A+
2021000901,110,A
2021000901,101,O
2021000901,107,C
2021000902,110,F
2021000902,107,P
2021000902,104,C
2021000902,101,F
2021000903,109,A
2021000903,108,B
2021000903,103,A+
2021000903,110,B+
2021000904,110,B
2021000904,105,F
2021000905,109,C
2021000905,110,O
2021000905,102,P
2021000906,109,B
2021000906,101,C
2021000906,104,P
2021000907,103,C
2021000907,108,A
2021000907,110,A
2021000907,102,O
2021000908,108,B+
2021000908,106,P
2021000908,101,B
2021000908,102,C
2021000909,102,A+
2021000909,105,C
2021000910,101,B
2021000910,104,A
2021000911,108,A+
2021000911,110,B
2021000911,101,B
2021000912,106,F
2021000912,102,F
2021000912,105,B+
2021000912,107,A
2021000913,109,B
2021000913,103,B
2021000913,107,A+
2021000913,106,B+
2021000914,110,B
2021000914,102,A
2021000914,105,A+
2021000915,109,B+
2021000915,107,A
2021000916,108,O
2021000916,110,O
2021000916,101,B+
2021000917,103,O
2021000917,104,F
2021000917,102,O
2021000918,103,C
2021000918,110,B+
2021000919,110,B
2021000919,102,P
2021000919,104,F
2021000920,102,A
2021000920,108,F
2021000920,109,B
2021000921,110,A+
2021000921,103,A+
2021000922,104,F
2021000922,101,P
2021000923,110,F
2021000923,103,B
2021000923,109,A+
2021000923,106,A
2021000924,103,B
2021000924,101,A+
2021000924,110,C
2021000924,108,A+
2021000925,107,B+
2021000925,101,A+
2021000925,105,C
2021000925,109,A
2021000926,110,C
2021000926,108,B
2021000926,109,F
2021000927,107,A+
2021000927,103,C
2021000928,109,O
2021000928,105,P
2021000928,103,A+
2021000928,106,C
2021000929,110,B+
2021000929,102,O
2021000929,104,O
2021000930,103,B+
2021000930,102,A
2021000930,101,P
2021000931,109,B+
2021000931,107,B+
2021000931,103,B
2021000931,105,F
2021000932,108,A
2021000932,101,F
2021000933,108,A
2021000933,103,F
2021000934,107,B
2021000934,109,A
2021000934,110,B+
2021000934,103,A+
2021000935,109,B+
2021000935,107,O
2021000935,104,P
2021000935,110,A+
2021000936,106,F
2021000936,102,B+
2021000936,107,A
2021000937,108,O
2021000937,104,P
2021000937,102,B
2021000938,109,P
2021000938,107,B+
2021000938,105,C
2021000938,102,F
2021000939,101,A
2021000939,109,B
2021000939,102,B+
2021000939,105,B
2021000940,104,F
2021000940,106,F
2021000940,107,P
2021000941,103,C
2021000941,107,F
2021000942,109,B
2021000942,107,A+
2021000942,106,B+
2021000943,107,A+
2021000943,104,B
2021000943,110,P
2021000943,105,F
2021000944,106,C
2021000944,109,B+
2021000945,105,P
2021000945,106,A+
2021000945,107,A
2021000946,102,F
2021000946,104,C
2021000946,108,A+
2021000946,107,C
2021000947,104,P
2021000947,109,A
2021000948,109,F
2021000948,101,F
2021000948,103,P
2021000949,101,B+
2021000949,102,O
2021000949,103,B
2021000949,104,B
2021000950,102,B+
2021000950,105,P
2021000951,102,O
2021000951,101,C
2021000951,107,B
2021000952,109,C
2021000952,105,P
2021000952,101,P
2021000952,107,F
2021000953,108,P
2021000953,110,P
2021000953,101,B
2021000953,102,O
2021000954,101,B
2021000954,109,F
2021000955,103,B+
2021000955,101,C
2021000955,106,O
2021000955,102,B
2021000956,102,F
2021000956,105,P
2021000957,107,B+
2021000957,110,A
2021000957,104,B+
2021000958,102,A+
2021000958,110,C
2021000958,105,A
2021000958,106,O
2021000959,105,O
2021000959,104,P
2021000959,109,A+
2021000960,110,C
2021000960,101,C
2021000960,105,A+
2021000961,109,O
2021000961,102,B+
2021000961,110,C
2021000962,102,B+
2021000962,109,A
2021000962,105,P
2021000963,108,B+
2021000963,107,B
2021000963,110,A
2021000963,109,C
2021000964,108,C
2021000964,110,P
2021000964,101,B+
2021000965,105,B+
2021000965,102,O
2021000966,104,O
2021000966,110,O
2021000966,106,A+
2021000966,109,P
2021000967,109,F
2021000967,101,O
2021000967,105,A
2021000967,102,B
2021000968,107,B
2021000968,106,O
2021000969,103,B+
2021000969,108,B+
2021000969,106,O
2021000969,110,B
2021000970,105,A+
2021000970,103,P
2021000970,104,P
2021000970,108,A
2021000971,104,B
2021000971,105,A+
2021000972,104,A+
2021000972,110,A+
2021000973,102,P
2021000973,110,O
2021000974,108,O
2021000974,101,A
2021000974,109,A+
2021000974,107,P
2021000975,110,B+
2021000975,106,B
2021000975,108,C
2021000976,103,P
2021000976,109,O
2021000976,105,B
2021000977,110,B
2021000977,103,F
2021000978,107,B+
2021000978,108,A+
2021000978,101,B
2021000978,105,F
2021000979,103,P
2021000979,108,B
2021000979,102,P
2021000980,101,A+
2021000980,110,B+
2021000980,104,P
2021000981,102,B
2021000981,106,F
2021000981,109,B
2021000981,105,B+
2021000982,109,P
2021000982,105,O
2021000983,108,F
2021000983,106,P
2021000983,109,C
2021000984,107,A+
2021000984,104,F
2021000984,110,B+
2021000985,107,O
2021000985,105,P
2021000985,108,B+
2021000986,103,F
2021000986,104,C
2021000986,102,F
2021000986,106,A+
2021000987,109,B
2021000987,107,C
2021000988,103,A
2021000988,110,A+
2021000989,103,A+
2021000989,107,A
2021000990,109,B+
2021000990,110,F
2021000991,105,B+
2021000991,110,A+
2021000991,101,A
2021000992,103,P
2021000992,101,F
2021000993,108,B+
2021000993,102,O
2021000993,110,F
2021000994,106,B
2021000994,110,P
2021000994,105,B
2021000995,107,C
2021000995,102,A
2021000996,110,O
2021000996,104,C
2021000996,103,P
2021000996,107,O
2021000997,106,B
2021000997,109,B+
2021000997,108,F
2021000998,107,F
2021000998,105,C
2021000999,103,B+
2021000999,110,C
2021000999,106,F
2021000999,104,F
2021001000,102,A+
2021001000,103,A+
2021001001,106,P
2021001001,110,A+
2021001002,105,P
2021001002,107,A
2021001002,110,O
2021001002,104,A
2021001003,110,A+
2021001003,109,A
2021001003,108,B+
2021001003,104,F
2021001004,101,A+
2021001004,103,O
2021001005,105,P
2021001005,102,F
2021001005,104,A
2021001005,109,F
2021001006,102,A
2021001006,110,P
2021001007,101,P
2021001007,110,O
2021001007,107,B
2021001007,105,A+
2021001008,105,P
2021001008,103,B
2021001009,107,B
2021001009,105,C
2021001009,104,C
2021001009,102,A
2021001010,103,A
2021001010,110,B
2021001010,109,B+
2021001011,106,C
2021001011,110,B
2021001012,109,F
2021001012,105,F
2021001012,108,B+
2021001013,109,C
2021001013,103,A
2021001013,108,A
2021001013,106,F
2021001014,109,O
2021001014,105,C
2021001014,106,P
2021001014,104,A
2021001015,108,A
2021001015,105,F
2021001016,105,A+
2021001016,103,O
2021001016,110,B
2021001017,109,B+
2021001017,103,B+
2021001018,108,A+
2021001018,109,F
2021001018,101,C
2021001019,105,A+
2021001019,101,O
2021001019,107,F
2021001020,104,A
2021001020,101,A+
2021001020,106,C
2021001020,102,B+
2021001021,107,C
2021001021,110,O
2021001021,104,B+
2021001021,102,B
2021001022,104,B
2021001022,105,P
2021001022,102,B
2021001023,104,C
2021001023,109,P
2021001023,105,B
2021001023,103,B+
2021001024,104,A+
2021001024,102,A
2021001024,103,A+
2021001025,102,B+
2021001025,108,B
2021001025,109,A
2021001026,110,B
2021001026,108,A+
2021001026,104,A
2021001026,103,P
2021001027,101,C
2021001027,109,B
2021001028,102,F
2021001028,105,B+
2021001029,108,A
2021001029,101,O
2021001030,103,B+
2021001030,101,B+
2021001031,106,A+
2021001031,107,A
2021001032,106,A
2021001032,108,A
2021001032,101,F
2021001033,103,O
2021001033,101,C
2021001034,102,A+
2021001034,109,O
2021001034,108,A
2021001035,105,F
2021001035,107,P
2021001036,104,F
2021001036,107,C
2021001037,101,B
2021001037,104,A+
2021001038,102,B+
2021001038,109,P
2021001038,104,P
2021001038,108,P
2021001039,105,F
2021001039,106,C
2021001039,103,B
2021001039,109,C
2021001040,109,A+
2021001040,110,B+
2021001040,102,A
2021001040,103,B
2021001041,105,A
2021001041,104,P
2021001041,106,F
2021001041,101,F
2021001042,104,B
2021001042,107,A+
2021001043,103,P
2021001043,105,C
2021001044,104,A
2021001044,101,O
2021001044,109,C
2021001045,110,F
2021001045,103,C
2021001045,106,P
2021001045,107,B+
2021001046,103,B+
2021001046,108,P
2021001047,110,C
2021001047,106,A
2021001047,101,O
2021001047,108,B+
2021001048,103,F
2021001048,109,C
2021001048,102,B+
2021001048,108,O
2021001049,106,B
2021001049,109,C
2021001050,104,A+
2021001050,101,C
2021001050,107,B
2021001051,103,O
2021001051,105,B
2021001051,101,O
2021001051,104,B
2021001052,105,F
2021001052,109,P
2021001052,108,O
2021001052,102,B
2021001053,106,B
2021001053,110,O
2021001053,108,O
2021001053,103,F
2021001054,109,F
2021001054,103,F
2021001055,105,A
2021001055,109,F
2021001055,106,A+
2021001056,109,O
2021001056,107,C
2021001057,110,O
2021001057,106,A
2021001058,102,A
2021001058,109,A
2021001058,107,A+
2021001059,108,P
2021001059,109,A+
2021001059,103,O
2021001059,105,F
2021001060,107,O
2021001060,106,C
2021001060,102,A+
2021001061,102,B
2021001061,101,B+
2021001061,103,O
2021001061,110,C
2021001062,102,C
2021001062,108,A
2021001063,101,C
2021001063,107,O
2021001064,110,P
2021001064,105,P
2021001064,101,O
2021001064,103,A+
2021001065,102,B+
2021001065,101,A
2021001065,104,B
2021001065,106,A+
2021001066,108,A
2021001066,101,F
2021001067,107,O
2021001067,106,B
2021001067,101,B+
2021001067,110,P
2021001068,101,A
2021001068,102,O
2021001068,105,B
2021001068,110,B
2021001069,102,C
2021001069,110,A+
2021001069,104,C
2021001069,105,F
2021001070,104,A+
2021001070,109,F
2021001071,103,A+
2021001071,109,A+
2021001071,107,A+
2021001071,106,A
2021001072,110,A+
2021001072,106,A
2021001072,108,C
2021001072,109,O
2021001073,103,A
2021001073,110,O
2021001074,106,B+
2021001074,103,C
2021001074,108,F
2021001074,109,A+
2021001075,106,B+
2021001075,110,B
2021001075,107,B+
2021001075,108,A
2021001076,106,B
2021001076,104,O
2021001076,109,P
2021001076,108,B
2021001077,108,A
2021001077,110,B
2021001077,107,A
2021001078,101,C
2021001078,105,P
2021001078,110,B+
2021001078,109,B+
2021001079,101,B
2021001079,105,B+
2021001079,104,A
2021001080,101,B
2021001080,105,B
2021001080,103,F
2021001081,108,B
2021001081,106,A+
2021001082,105,F
2021001082,106,C
2021001083,105,C
2021001083,110,C
2021001084,107,F
2021001084,104,A
2021001084,102,O
2021001084,106,P
2021001085,103,A
2021001085,108,B+
2021001085,102,P
2021001086,110,C
2021001086,107,B
2021001087,106,B+
2021001087,110,C
2021001088,102,B
2021001088,104,A+
2021001088,101,B+
2021001089,105,B
2021001089,109,B+
2021001090,109,F
2021001090,103,B
2021001090,106,O
2021001091,101,A+
2021001091,107,A
2021001092,110,F
2021001092,109,A
2021001092,102,F
2021001092,108,C
2021001093,107,C
2021001093,103,P
2021001093,109,O
2021001094,108,C
2021001094,101,A+
2021001095,102,C
2021001095,107,O
2021001095,109,A
2021001096,108,P
2021001096,109,F
2021001097,107,C
2021001097,104,C
2021001097,109,A+
2021001098,105,A
2021001098,107,C
2021001099,110,B
2021001099,102,A
2021001099,109,F
2021001099,106,A
2021001100,106,O
2021001100,110,F
2021001100,104,F
2021001101,110,P
2021001101,101,P
2021001101,105,F
2021001102,110,B+
2021001102,108,B
2021001102,103,C
2021001103,104,C
2021001103,110,F
2021001104,102,P
2021001104,110,B
2021001105,110,O
2021001105,103,B+
2021001106,106,A+
2021001106,102,P
2021001107,108,P
2021001107,101,B
2021001107,106,P
2021001108,109,O
2021001108,104,A
2021001108,110,A
2021001108,105,B
2021001109,108,B+
2021001109,103,A
2021001109,101,A
2021001109,104,C
2021001110,103,O
2021001110,101,A+
2021001110,105,B
2021001111,110,A
2021001111,105,C
2021001111,101,F
2021001111,104,P
2021001112,107,A
2021001112,105,F
2021001113,101,O
2021001113,105,A
2021001114,107,B+
2021001114,109,A
2021001115,108,B
2021001115,109,B
2021001115,102,A+
2021001116,109,A
2021001116,108,B+
2021001117,104,B+
2021001117,109,P
2021001118,108,A+
2021001118,107,B+
2021001118,103,A
2021001119,106,C
2021001119,110,O
2021001119,105,F
2021001120,105,A
2021001120,101,C
2021001120,110,A+
2021001120,104,F
2021001121,105,P
2021001121,104,B+
2021001121,103,F
2021001121,108,P
2021001122,103,F
2021001122,102,B+
2021001122,107,A+
2021001122,105,P
2021001123,104,A
2021001123,103,C
2021001123,107,A
2021001124,106,P
2021001124,108,C
2021001124,103,B
2021001124,102,P
2021001125,109,P
2021001125,104,A+
2021001125,103,C
2021001125,108,F
2021001126,103,O
2021001126,110,B+
2021001126,106,A
2021001127,109,B+
2021001127,102,C
2021001127,103,C
2021001127,108,C
2021001128,101,O
2021001128,106,P
2021001128,107,A+
2021001128,104,B+
2021001129,105,A
2021001129,103,F
2021001129,104,B+
2021001130,103,O
2021001130,101,B+
2021001131,110,B
2021001131,104,P
2021001131,109,A+
2021001131,102,C
2021001132,102,P
2021001132,108,A
2021001132,103,P
2021001133,106,A
2021001133,103,B
2021001133,107,B
2021001133,104,P
2021001134,103,F
2021001134,104,O
2021001135,107,B
2021001135,101,P
2021001136,104,A
2021001136,110,A
2021001136,109,P
2021001137,108,A+
2021001137,110,F
2021001138,104,A+
2021001138,107,C
2021001138,109,A+
2021001139,107,P
2021001139,106,O
2021001139,110,A
2021001139,105,C
2021001140,102,A
2021001140,108,P
2021001140,109,F
2021001140,107,O
2021001141,109,F
2021001141,110,P
2021001142,101,P
2021001142,109,O
2021001142,107,B
2021001142,105,P
2021001143,105,B
2021001143,108,A+
2021001144,105,F
2021001144,108,C
2021001144,103,F
2021001145,110,C
2021001145,101,C
2021001145,103,A+
2021001146,108,A
2021001146,102,P
2021001146,109,P
2021001146,110,A+
2021001147,107,A
2021001147,106,O
2021001147,108,C
2021001148,108,B
2021001148,104,B+
2021001149,105,F
2021001149,106,P
2021001150,102,O
2021001150,110,F
2021001150,109,B
2021001150,106,O
2021001151,106,A+
2021001151,102,F
2021001151,107,F
2021001151,110,C
2021001152,109,O
2021001152,107,C
2021001152,101,B
2021001153,110,P
2021001153,103,C
2021001153,109,B
2021001154,101,O
2021001154,107,B
2021001155,108,A
2021001155,105,B
2021001155,103,C
2021001156,104,P
2021001156,101,O
2021001157,108,F
2021001157,110,C
2021001158,101,B
2021001158,108,O
2021001158,104,A+
2021001158,102,C
2021001159,107,O
2021001159,108,P
2021001159,102,B+
2021001160,109,A
2021001160,105,A+
2021001161,103,A+
2021001161,110,A
2021001162,106,A
2021001162,101,F
2021001162,103,P
2021001162,107,B
2021001163,110,C
2021001163,105,F
2021001163,106,B+
2021001163,101,F
2021001164,107,O
2021001164,103,A+
2021001165,105,C
2021001165,109,C
2021001165,103,O
2021001165,104,A
2021001166,102,A+
2021001166,105,P
2021001167,107,A+
2021001167,102,C
2021001167,110,B
2021001168,108,P
2021001168,103,P
2021001168,102,O
2021001169,109,A
2021001169,107,B
2021001169,104,A+
2021001170,101,P
2021001170,102,A+
2021001170,109,B+
2021001170,104,B
2021001171,110,B
2021001171,106,B+
2021001171,105,O
2021001172,110,C
2021001172,108,F
2021001173,103,B+
2021001173,104,P
2021001173,105,B
2021001174,102,A
2021001174,101,B
2021001175,102,O
2021001175,104,P
2021001175,107,A
2021001175,109,B
2021001176,106,B
2021001176,109,O
2021001176,104,P
2021001177,104,B+
2021001177,105,O
2021001177,109,P
2021001177,107,A
2021001178,105,B
2021001178,109,B
2021001178,106,F
2021001179,106,C
2021001179,110,A+
2021001180,110,B+
2021001180,101,B+
2021001180,103,O
2021001180,102,C
2021001181,108,B+
2021001181,110,A+
2021001181,101,B
2021001182,103,F
2021001182,108,P
2021001182,106,C
2021001183,101,P
2021001183,109,F
2021001183,105,O
2021001184,109,C
2021001184,101,C
2021001184,104,C
2021001184,105,C
2021001185,102,F
2021001185,103,A
2021001185,105,F
2021001186,107,F
2021001186,109,B+
2021001186,103,A
2021001187,110,P
2021001187,102,B
2021001188,106,P
2021001188,101,O
2021001188,105,A+
2021001188,104,F
2021001189,104,C
2021001189,106,A+
2021001189,108,B+
2021001190,109,C
2021001190,105,B
2021001191,106,B
2021001191,101,C
2021001192,108,F
2021001192,109,F
2021001193,109,O
2021001193,103,A
2021001193,104,A
2021001194,109,C
2021001194,105,P
2021001194,106,P
2021001195,109,O
2021001195,103,B
2021001196,101,F
2021001196,108,B+
2021001196,107,P
2021001196,106,A
2021001197,105,P
2021001197,101,A+
2021001198,108,A+
2021001198,101,P
2021001198,102,B+
2021001199,110,B+
2021001199,105,A+
2021001200,104,B
2021001200,110,A
2021001200,105,A
2021001201,106,P
2021001201,108,P
2021001201,102,C
2021001201,103,B+
2021001202,105,P
2021001202,102,B
2021001203,109,C
2021001203,110,C
2021001203,102,A+
2021001203,108,C
2021001204,106,P
2021001204,105,B+
2021001204,103,P
2021001204,110,F
2021001205,104,F
2021001205,103,B
2021001205,102,F
2021001205,109,A
2021001206,108,A
2021001206,101,P
2021001206,103,B
2021001206,109,O
2021001207,101,C
2021001207,102,F
2021001207,107,A
2021001207,110,A+
2021001208,107,P
2021001208,103,P
2021001208,108,P
2021001209,106,P
2021001209,104,B+
2021001209,102,O
2021001210,103,B+
2021001210,102,A
2021001210,108,A+
2021001210,101,P
2021001211,108,O
2021001211,110,C
2021001211,104,B+
2021001212,110,A
2021001212,105,F
2021001213,103,A+
2021001213,106,C
2021001213,109,O
2021001214,101,P
2021001214,102,B+
2021001214,108,A
2021001215,108,F
2021001215,110,C
2021001215,103,B+
2021001216,110,A
2021001216,103,F
2021001216,102,B+
2021001217,102,C
2021001217,106,A
2021001217,110,B
2021001217,107,A+
2021001218,108,O
2021001218,107,B+
2021001218,109,F
2021001218,102,F
2021001219,103,B+
2021001219,108,F
2021001219,107,B+
2021001219,101,A
2021001220,110,F
2021001220,107,A+
2021001221,106,C
2021001221,109,A
2021001221,104,B+
2021001221,102,F
2021001222,110,A+
2021001222,108,O
2021001222,102,O
2021001222,105,P
2021001223,109,F
2021001223,102,P
2021001223,108,A+
2021001224,107,P
2021001224,102,B
2021001224,109,A+
2021001225,108,O
2021001225,101,F
2021001225,102,F
2021001226,110,O
2021001226,101,B
2021001227,103,P
2021001227,108,O
2021001227,105,C
2021001227,104,P
2021001228,104,F
2021001228,106,P
2021001229,105,A+
2021001229,107,A+
2021001229,106,A
2021001229,101,B
2021001230,109,A+
2021001230,107,A
2021001230,103,C
2021001230,110,P
2021001231,106,C
2021001231,109,A
2021001232,109,B+
2021001232,106,F
2021001233,101,B+
2021001233,104,B
2021001233,107,A+
2021001234,106,C
2021001234,107,A+
2021001234,109,F
2021001234,104,F
2021001235,104,B+
2021001235,103,B
2021001235,108,C
2021001235,102,B
2021001236,107,F
2021001236,106,C
2021001236,110,F
2021001236,102,B
2021001237,103,B
2021001237,110,O
2021001237,101,A
2021001237,108,A
2021001238,108,B
2021001238,107,O
2021001239,103,B+
2021001239,107,C
2021001240,110,C
2021001240,107,B
2021001240,103,B
2021001240,104,A
2021001241,108,B
2021001241,107,F
2021001241,106,F
2021001241,102,B
2021001242,110,A
2021001242,101,A
2021001242,108,A
2021001243,109,B
2021001243,105,P
2021001243,107,B
2021001243,110,B+
2021001244,101,O
2021001244,108,B+
2021001245,110,B
2021001245,108,A
2021001246,109,O
2021001246,105,B
2021001247,102,C
2021001247,109,P
2021001247,110,F
2021001247,108,A
2021001248,102,C
2021001248,109,A
2021001248,105,C
2021001248,108,C
2021001249,109,P
2021001249,101,F
2021001249,108,A
2021001250,108,F
2021001250,106,A
2021001250,107,F
2021001250,103,P
2021001251,103,O
2021001251,101,A+
2021001251,105,C
2021001252,108,B+
2021001252,103,B
2021001253,105,B+
2021001253,101,B+
2021001253,110,A
2021001253,104,B
2021001254,109,A+
2021001254,102,B+
2021001255,103,C
2021001255,105,F
2021001255,109,F
2021001256,102,O
2021001256,103,B+
2021001257,108,B+
2021001257,106,C
2021001257,103,O
2021001257,110,P
2021001258,103,A+
2021001258,109,C
2021001258,101,A+
2021001259,103,B
2021001259,110,A+
2021001260,107,O
2021001260,104,F
2021001260,108,B+
2021001261,110,B+
2021001261,106,B
2021001262,105,A
2021001262,102,B+
2021001262,101,B+
2021001262,109,F
2021001263,108,A
2021001263,105,O
2021001263,110,B
2021001264,107,B
2021001264,108,A+
2021001264,105,B+
2021001265,107,A+
2021001265,101,A
2021001265,105,B
2021001265,110,O
2021001266,106,B+
2021001266,109,B+
2021001266,101,B+
2021001267,106,F
2021001267,107,F
2021001267,105,A+
2021001267,103,O
2021001268,102,C
2021001268,105,A+
2021001268,107,B+
2021001269,104,F
2021001269,110,A+
2021001269,106,F
2021001269,108,A+
2021001270,109,F
2021001270,101,B+
2021001270,110,A+
2021001271,107,B+
2021001271,102,F
2021001272,108,B
2021001272,106,O
2021001272,104,P
2021001272,109,A+
2021001273,104,F
2021001273,101,B+
2021001273,109,F
2021001274,110,O
2021001274,104,B
2021001275,102,P
2021001275,110,B
2021001275,103,F
2021001275,104,A
2021001276,103,C
2021001276,105,F
2021001277,102,B
2021001277,108,B
2021001277,105,B
2021001278,106,B+
2021001278,105,C
2021001278,103,B
2021001278,107,B
2021001279,101,F
2021001279,107,A+
2021001279,109,A
2021001280,105,F
2021001280,110,O
2021001281,102,C
2021001281,108,F
2021001281,104,F
2021001282,108,A
2021001282,102,A
2021001283,107,A+
2021001283,104,P
2021001283,102,B
2021001283,109,A+
2021001284,101,F
2021001284,102,C
2021001285,105,A
2021001285,108,B+
2021001285,101,A+
2021001285,104,B+
2021001286,101,B+
2021001286,110,B
2021001286,107,B
2021001286,103,C
2021001287,106,F
2021001287,107,A+
2021001287,101,B
2021001287,105,B+
2021001288,107,A
2021001288,110,C
2021001288,102,A
2021001289,107,B+
2021001289,108,P
2021001290,109,A
2021001290,106,A
2021001290,110,A
2021001290,108,C
2021001291,101,F
2021001291,102,P
2021001291,106,B
2021001292,108,B+
2021001292,105,B
2021001293,109,F
2021001293,101,B
2021001294,104,C
2021001294,105,A
2021001294,107,B
2021001294,101,C
2021001295,102,C
2021001295,108,C
2021001295,104,F
2021001296,104,B
2021001296,101,P
2021001297,107,P
2021001297,102,P
2021001297,105,O
2021001298,108,P
2021001298,101,O
2021001298,109,P
2021001298,103,C
2021001299,101,A
2021001299,107,F
2021001299,102,B
2021001300,109,O
2021001300,108,B+
2021001300,103,B+
2021001300,106,B
2021001301,101,B
2021001301,103,C
2021001302,101,O
2021001302,108,C
2021001302,110,P
2021001302,102,P
2021001303,103,C
2021001303,101,B+
2021001304,108,B+
2021001304,103,F
2021001305,102,B
2021001305,108,A+
2021001306,104,A+
2021001306,107,B+
2021001307,107,A
2021001307,106,C
2021001307,102,F
2021001307,109,F
2021001308,104,O
2021001308,101,P
2021001308,103,F
2021001309,102,B+
2021001309,105,B
2021001310,103,P
2021001310,106,O
2021001310,110,A+
2021001311,110,O
2021001311,101,C
2021001312,110,B
2021001312,107,C
2021001313,108,F
2021001313,102,B
2021001314,103,A+
2021001314,102,F
2021001315,108,A
2021001315,103,A+
2021001315,104,C
2021001316,105,P
2021001316,109,A
2021001316,108,A
2021001316,104,B
2021001317,110,B+
2021001317,101,A+
2021001318,108,F
2021001318,102,B+
2021001318,105,C
2021001318,103,B
2021001319,109,B
2021001319,104,O
2021001320,109,A
2021001320,102,A+
2021001321,109,C
2021001321,104,C
2021001321,108,F
2021001321,107,B+
2021001322,101,A
2021001322,104,C
2021001322,102,F
2021001323,108,B+
2021001323,110,F
2021001323,103,C
2021001323,102,C
2021001324,106,B+
2021001324,105,B
2021001325,105,B
2021001325,106,O
2021001325,108,A
2021001326,101,A+
2021001326,109,P
2021001327,101,P
2021001327,108,P
2021001328,104,F
2021001328,108,O
2021001329,104,O
2021001329,106,C
2021001329,110,O
2021001330,104,P
2021001330,102,O
2021001330,110,C
2021001331,107,F
2021001331,104,B
2021001332,110,C
2021001332,108,A+
2021001332,101,A+
2021001333,104,A+
2021001333,108,A+
2021001334,106,A
2021001334,103,A+
2021001334,108,F
2021001335,106,B+
2021001335,105,A+
2021001335,104,P
2021001335,103,B
2021001336,110,F
2021001336,101,F
2021001337,102,A
2021001337,108,C
2021001338,103,A+
2021001338,106,A
2021001338,104,C
2021001339,103,F
2021001339,110,P
2021001339,104,O
2021001339,101,P
2021001340,108,B
2021001340,104,O
2021001340,110,P
2021001340,107,O
2021001341,101,O
2021001341,107,B+
2021001341,104,C
2021001342,107,P
2021001342,104,A
2021001342,103,B
2021001343,101,B+
2021001343,110,C
2021001343,108,F
2021001344,109,B+
2021001344,107,C
2021001344,108,A
2021001345,108,B+
2021001345,104,A
2021001345,102,B+
2021001346,107,B
2021001346,104,A
2021001346,103,A+
2021001346,108,O
2021001347,102,O
2021001347,101,A
2021001348,105,C
2021001348,103,A+
2021001348,108,C
2021001348,107,C
2021001349,108,B+
2021001349,103,B+
2021001349,107,B+
2022001350,108,B
2022001350,101,A
2022001350,102,P
2022001351,106,B
2022001351,109,B+
2022001351,101,B+
2022001351,103,C
2022001352,110,O
2022001352,109,A
2022001352,104,F
2022001353,106,A+
2022001353,101,P
2022001353,110,O
2022001353,109,F
2022001354,106,B+
2022001354,108,P
2022001354,101,O
2022001355,103,F
2022001355,109,F
2022001355,102,P
2022001356,106,B+
2022001356,104,B+
2022001357,108,P
2022001357,104,A+
2022001357,109,A+
2022001357,103,A
2022001358,109,A+
2022001358,107,A
2022001358,105,B+
2022001359,106,A+
2022001359,110,F
2022001360,109,C
2022001360,110,C
2022001360,102,P
2022001361,109,B+
2022001361,110,B+
2022001361,105,A+
2022001361,104,C
2022001362,102,F
2022001362,104,B
2022001362,108,A+
2022001362,101,F
2022001363,103,O
2022001363,105,O
2022001363,102,P
2022001364,105,P
2022001364,102,P
2022001365,103,A+
2022001365,104,C
2022001365,101,C
2022001366,109,B
2022001366,103,A+
2022001366,108,P
2022001367,108,B
2022001367,101,B+
2022001367,105,A+
2022001368,101,P
2022001368,104,F
2022001369,110,O
2022001369,106,B
2022001369,109,C
2022001370,109,O
2022001370,110,A
2022001370,108,B+
2022001370,104,A
2022001371,103,O
2022001371,105,A
2022001371,110,A
2022001371,107,A
2022001372,108,F
2022001372,106,O
2022001373,103,O
2022001373,106,B+
2022001374,103,B
2022001374,110,C
2022001374,105,P
2022001375,103,A
2022001375,110,P
2022001376,101,A
2022001376,106,A
2022001377,105,A
2022001377,106,A
2022001377,103,C
2022001378,101,A+
2022001378,106,A
2022001378,109,O
2022001378,102,F
2022001379,109,B+
2022001379,103,B
2022001379,105,P
2022001380,107,C
2022001380,108,B
2022001381,106,C
2022001381,103,O
2022001381,101,O
2022001382,105,C
2022001382,108,O
2022001382,110,F
2022001382,107,O
2022001383,108,A
2022001383,106,P
2022001383,102,O
2022001383,109,P
2022001384,103,A
2022001384,109,A
2022001385,101,A+
2022001385,107,O
2022001385,104,C
2022001386,102,B+
2022001386,106,A+
2022001386,101,P
2022001387,109,A+
2022001387,104,A+
2022001387,105,F
2022001387,102,F
2022001388,109,P
2022001388,108,F
2022001389,107,A
2022001389,104,O
2022001389,108,B
2022001389,103,F
2022001390,106,F
2022001390,107,B
2022001390,103,A
2022001390,110,C
2022001391,107,C
2022001391,106,A+
2022001391,101,F
2022001392,106,F
2022001392,105,B+
2022001392,108,A
2022001393,108,B+
2022001393,107,A
2022001394,103,A
2022001394,107,B+
2022001394,109,A+
2022001395,110,A+
2022001395,102,P
2022001395,103,B
2022001395,109,A+
2022001396,109,B+
2022001396,106,B+
2022001396,102,B
2022001397,101,A
2022001397,107,B
2022001398,103,C
2022001398,109,F
2022001398,108,B
2022001399,103,A
2022001399,107,C
2022001400,108,P
2022001400,101,C
2022001400,105,A
2022001400,107,O
2022001401,109,P
2022001401,108,O
2022001401,104,B+
2022001402,103,A
2022001402,105,O
2022001403,108,A
2022001403,102,O
2022001403,105,B+
2022001403,104,A
2022001404,104,P
2022001404,101,C
2022001404,102,O
2022001405,102,F
2022001405,106,F
2022001405,108,C
2022001406,108,B+
2022001406,102,P
2022001406,106,F
2022001407,103,B+
2022001407,101,F
2022001407,110,B
2022001408,103,F
2022001408,106,A+
2022001408,110,B
2022001409,106,C
2022001409,107,C
2022001409,110,A
2022001410,105,B
2022001410,109,C
2022001410,102,F
2022001411,103,F
2022001411,102,A+
2022001411,110,C
2022001411,105,B
2022001412,105,A+
2022001412,110,C
2022001412,106,P
2022001413,110,O
2022001413,106,A
2022001413,103,A+
2022001413,101,B+
2022001414,105,F
2022001414,106,A+
2022001414,108,A+
2022001414,104,B
2022001415,102,A
2022001415,104,C
2022001416,104,B
2022001416,110,F
2022001416,102,P
2022001416,109,A+
2022001417,102,A
2022001417,103,P
2022001418,106,B+
2022001418,105,A
2022001418,110,B+
2022001419,110,O
2022001419,109,B+
2022001419,106,C
2022001420,105,A
2022001420,101,O
2022001420,102,C
2022001420,108,B+
2022001421,103,A
2022001421,104,C
2022001421,105,A
2022001421,102,A+
2022001422,102,A
2022001422,107,B+
2022001423,101,A
2022001423,108,P
2022001424,104,B+
2022001424,102,B
2022001425,109,O
2022001425,101,P
2022001425,108,B
2022001425,110,P
2022001426,102,P
2022001426,105,F
2022001427,102,F
2022001427,104,C
2022001428,106,A
2022001428,101,B
2022001429,105,O
2022001429,106,A+
2022001430,109,B
2022001430,104,B
2022001431,110,B+
2022001431,101,A+
2022001432,104,O
2022001432,105,P
2022001432,103,A
2022001432,107,A
2022001433,102,F
2022001433,104,A
2022001433,108,B+
2022001433,103,P
2022001434,102,A
2022001434,103,P
2022001434,106,P
2022001435,104,B+
2022001435,109,B+
2022001435,110,C
2022001436,106,A+
2022001436,102,B+
2022001437,109,B
2022001437,103,A
2022001438,105,P
2022001438,109,A+
2022001438,101,A
2022001439,108,B+
2022001439,102,F
2022001439,107,A
2022001440,110,B
2022001440,105,C
2022001440,108,O
2022001441,107,A+
2022001441,105,B
2022001441,110,A+
2022001441,102,F
2022001442,106,B+
2022001442,103,F
2022001442,101,B
2022001443,102,A+
2022001443,107,F
2022001443,108,A
2022001443,105,A+
2022001444,103,C
2022001444,107,B
2022001445,110,O
2022001445,102,P
2022001445,103,B
2022001445,101,A+
2022001446,106,F
2022001446,104,P
2022001447,104,A
2022001447,107,F
2022001448,110,B
2022001448,105,B+
2022001448,107,A+
2022001449,110,A+
2022001449,107,C
2022001449,108,B+
2022001450,108,F
2022001450,102,P
2022001451,108,P
2022001451,110,O
2022001451,104,A+
2022001452,102,B
2022001452,101,B
2022001453,101,B
2022001453,103,C
2022001453,107,P
2022001454,105,B
2022001454,102,C
2022001455,109,A+
2022001455,108,O
2022001455,110,A+
2022001455,102,F
2022001456,108,B+
2022001456,110,F
2022001456,105,B+
2022001456,109,P
2022001457,109,B
2022001457,101,A+
2022001457,110,F
2022001457,104,P
2022001458,108,P
2022001458,106,O
2022001458,107,A+
2022001459,101,A+
2022001459,110,A+
2022001459,103,A+
2022001460,103,B+
2022001460,108,C
2022001460,107,P
2022001460,102,P
2022001461,107,O
2022001461,108,C
2022001461,102,F
2022001461,105,F
2022001462,109,O
2022001462,110,P
2022001462,108,P
2022001462,104,O
2022001463,101,B+
2022001463,107,A
2022001463,105,O
2022001463,104,C
2022001464,106,A+
2022001464,105,B
2022001464,110,P
2022001464,101,O
2022001465,101,F
2022001465,103,B
2022001465,106,C
2022001465,109,C
2022001466,106,C
2022001466,107,B+
2022001466,102,B
2022001466,104,F
2022001467,107,O
2022001467,106,C
2022001467,101,F
2022001468,104,B
2022001468,105,A
2022001469,102,B+
2022001469,105,C
2022001469,110,P
2022001469,103,C
2022001470,109,A
2022001470,106,F
2022001471,107,A+
2022001471,109,C
2022001471,110,C
2022001472,108,B+
2022001472,101,C
2022001473,110,B
2022001473,107,A+
2022001473,106,A+
2022001474,102,P
2022001474,104,C
2022001474,106,F
2022001475,106,A
2022001475,103,P
2022001475,105,B+
2022001475,109,B
2022001476,108,F
2022001476,102,C
2022001477,105,C
2022001477,101,F
2022001477,110,C
2022001478,110,A
2022001478,102,A
2022001479,106,C
2022001479,105,O
2022001479,102,A+
2022001479,109,B+
2022001480,104,B
2022001480,106,B
2022001480,102,A
2022001481,105,P
2022001481,107,A+
2022001481,106,B+
2022001481,102,A+
2022001482,105,A+
2022001482,109,P
2022001482,108,B
2022001483,109,A
2022001483,103,C
2022001484,108,C
2022001484,105,P
2022001485,101,A
2022001485,109,P
2022001485,104,A+
2022001485,103,B
2022001486,104,A+
2022001486,103,C
2022001487,107,B+
2022001487,106,F
2022001487,102,O
2022001488,105,B+
2022001488,110,A
2022001488,103,B
2022001489,110,O
2022001489,104,F
2022001489,107,B+
2022001489,102,B+
2022001490,104,B+
2022001490,101,B+
2022001491,108,F
2022001491,110,B+
2022001491,107,A
2022001492,101,O
2022001492,104,B
2022001492,103,B+
2022001492,108,O
2022001493,105,F
2022001493,110,F
2022001494,101,P
2022001494,108,B+
2022001494,110,P
2022001494,109,A
2022001495,110,P
2022001495,105,P
2022001495,102,B
2022001496,102,C
2022001496,107,B
2022001496,103,P
2022001497,110,C
2022001497,109,C
2022001498,110,B+
2022001498,109,C
2022001498,105,C
2022001498,104,A+
2022001499,110,A
2022001499,102,C
2022001500,110,B+
2022001500,107,A
2022001500,104,A+
2022001501,103,F
2022001501,102,C
2022001502,105,A+
2022001502,108,B+
2022001503,110,C
2022001503,101,B+
2022001503,108,F
2022001504,102,B
2022001504,106,O
2022001504,107,F
2022001504,104,F
2022001505,103,F
2022001505,106,P
2022001505,108,A+
2022001506,101,A
2022001506,110,O
2022001506,109,F
2022001507,109,O
2022001507,107,C
2022001507,105,F
2022001508,102,A
2022001508,109,A+
2022001508,104,C
2022001508,107,A+
2022001509,101,B
2022001509,107,B
2022001509,105,O
2022001510,104,F
2022001510,105,P
2022001511,108,A
2022001511,106,P
2022001512,105,B+
2022001512,102,F
2022001513,107,B
2022001513,106,B
2022001513,110,C
2022001514,105,B+
2022001514,109,P
2022001515,107,A
2022001515,109,C
2022001515,106,O
2022001516,101,O
2022001516,110,C
2022001516,103,A+
2022001516,106,A+
2022001517,103,A+
2022001517,101,P
2022001517,107,A
2022001517,102,B+
2022001518,110,B+
2022001518,102,A
2022001518,109,A
2022001519,109,O
2022001519,103,F
2022001520,108,A+
2022001520,110,C
2022001520,103,A+
2022001521,110,A+
2022001521,106,P
2022001522,102,P
2022001522,107,P
2022001523,107,P
2022001523,110,F
2022001524,101,A
2022001524,109,C
2022001525,108,A
2022001525,104,A+
2022001526,103,B
2022001526,101,C
2022001526,107,A
2022001526,105,P
2022001527,105,B
2022001527,103,F
2022001527,102,A+
2022001527,109,A
2022001528,102,B
2022001528,101,P
2022001528,107,B+
2022001528,108,B+
2022001529,108,C
2022001529,102,A+
2022001529,104,C
2022001529,106,F
2022001530,105,A+
2022001530,110,B
2022001531,103,O
2022001531,107,O
2022001531,104,O
2022001532,104,C
2022001532,107,A+
2022001532,103,A
2022001533,101,O
2022001533,105,O
2022001534,110,O
2022001534,108,C
2022001535,110,P
2022001535,108,B
2022001535,102,O
2022001536,103,C
2022001536,106,A+
2022001536,107,A
2022001537,107,B+
2022001537,110,F
2022001537,105,A
2022001537,101,B+
2022001538,101,C
2022001538,110,A+
2022001538,106,A
2022001538,102,C
2022001539,110,A
2022001539,101,F
2022001539,109,A
2022001540,110,A
2022001540,107,F
2022001540,105,O
2022001540,104,O
2022001541,109,A+
2022001541,101,B
2022001542,103,B
2022001542,109,A+
2022001542,108,C
2022001543,103,A
2022001543,102,A
2022001543,106,A+
2022001544,105,F
2022001544,102,B+
2022001545,103,A
2022001545,108,C
2022001546,106,F
2022001546,107,P
2022001546,105,F
2022001546,103,A+
2022001547,106,A+
2022001547,107,C
2022001547,103,B+
2022001547,108,C
2022001548,109,A
2022001548,108,B+
2022001549,103,F
2022001549,101,B+
2022001550,101,P
2022001550,108,O
2022001551,108,C
2022001551,107,O
2022001552,101,F
2022001552,108,A+
2022001552,106,A+
2022001553,108,C
2022001553,102,P
2022001553,103,B+
2022001554,102,B
2022001554,104,C
2022001554,105,A
2022001555,109,F
2022001555,105,B+
2022001556,101,B
2022001556,109,P
2022001556,103,P
2022001556,104,P
2022001557,108,P
2022001557,102,A+
2022001558,105,F
2022001558,102,O
2022001559,110,F
2022001559,102,A+
2022001559,106,C
2022001560,102,F
2022001560,108,P
2022001561,105,B
2022001561,101,F
2022001561,106,B
2022001562,110,O
2022001562,108,O
2022001562,106,B+
2022001562,109,A+
2022001563,101,B
2022001563,105,A
2022001564,102,C
2022001564,109,O
2022001565,107,O
2022001565,105,O
2022001566,107,B
2022001566,102,P
2022001567,103,B+
2022001567,107,C
2022001568,103,O
2022001568,102,P
2022001568,105,A
2022001569,105,C
2022001569,103,O
2022001569,106,B+
2022001570,109,A+
2022001570,104,F
2022001570,108,A
2022001571,108,B+
2022001571,105,C
2022001571,107,A+
2022001572,106,B+
2022001572,103,F
2022001572,107,B+
2022001573,101,O
2022001573,109,O
2022001574,104,P
2022001574,103,B+
2022001574,108,A+
2022001575,108,B
2022001575,107,O
2022001575,102,B+
2022001576,103,C
2022001576,110,A
2022001576,105,P
2022001577,107,B+
2022001577,105,C
2022001577,101,P
2022001577,109,O
2022001578,109,A
2022001578,102,A
2022001579,102,B+
2022001579,108,B
2022001579,105,P
2022001580,110,B
2022001580,102,B+
2022001580,101,B
2022001581,108,P
2022001581,103,O
2022001581,109,P
2022001581,107,P
2022001582,102,P
2022001582,107,B
2022001583,110,B+
2022001583,108,F
2022001583,109,B
2022001584,103,O
2022001584,104,P
2022001584,110,O
2022001585,110,F
2022001585,105,A
2022001585,102,B+
2022001585,104,A+
2022001586,107,A+
2022001586,102,A+
2022001587,108,A
2022001587,110,F
2022001588,110,A+
2022001588,108,A
2022001588,105,C
2022001588,109,A
2022001589,107,B
2022001589,105,P
2022001589,102,B
2022001589,108,B
2022001590,104,B
2022001590,102,B
2022001591,104,A+
2022001591,101,A+
2022001591,110,P
2022001591,108,B+
2022001592,104,A+
2022001592,107,F
2022001592,110,B+
2022001592,101,A
2022001593,103,O
2022001593,108,F
2022001593,107,F
2022001594,103,A+
2022001594,110,A+
2022001595,108,B+
2022001595,101,O
2022001595,110,P
2022001596,105,A
2022001596,107,A+
2022001597,101,A+
2022001597,102,B+
2022001597,107,P
2022001598,110,C
2022001598,109,F
2022001598,105,A
2022001599,107,F
2022001599,108,O
2022001599,109,B+
2022001600,101,B+
2022001600,109,C
2022001600,110,O
2022001600,104,O
2022001601,102,A
2022001601,105,C
2022001601,107,B
2022001601,104,A
2022001602,110,C
2022001602,106,F
2022001602,108,B+
2022001603,103,O
2022001603,105,P
2022001604,106,P
2022001604,108,A
2022001604,104,B
2022001605,106,A+
2022001605,108,B+
2022001605,103,A
2022001605,109,B+
2022001606,106,C
2022001606,108,F
2022001606,103,O
2022001607,102,F
2022001607,108,A+
2022001607,103,B+
2022001608,103,B
2022001608,108,A
2022001609,108,A
2022001609,105,C
2022001609,104,O
2022001610,101,A+
2022001610,110,A+
2022001610,106,P
2022001610,103,O
2022001611,103,A
2022001611,110,C
2022001611,101,C
2022001611,107,O
2022001612,107,A
2022001612,102,A+
2022001612,104,B+
2022001613,104,O
2022001613,108,P
2022001613,105,O
2022001613,103,O
2022001614,109,P
2022001614,105,A+
2022001615,109,B+
2022001615,102,O
2022001615,101,A+
2022001615,104,O
2022001616,102,F
2022001616,110,P
2022001617,102,B
2022001617,103,P
2022001617,110,F
2022001617,107,B+
2022001618,103,F
2022001618,105,B
2022001618,108,C
2022001619,102,F
2022001619,103,F
2022001619,106,A
2022001619,109,F
2022001620,104,C
2022001620,108,B+
2022001621,104,A
2022001621,108,B
2022001622,109,A
2022001622,103,P
2022001622,102,B
2022001623,107,A
2022001623,106,C
2022001623,104,O
2022001624,107,P
2022001624,104,B
2022001624,103,A
2022001624,110,O
2022001625,107,F
2022001625,108,P
2022001625,106,B+
2022001626,103,P
2022001626,101,A
2022001626,102,C
2022001627,106,B+
2022001627,107,P
2022001627,103,P
2022001628,107,P
2022001628,101,F
2022001629,101,F
2022001629,109,F
2022001629,105,P
2022001629,104,F
2022001630,109,C
2022001630,105,C
2022001630,106,C
2022001630,103,P
2022001631,109,A
2022001631,103,B+
2022001631,107,B+
2022001632,104,B+
2022001632,109,B+
2022001632,108,B+
2022001632,106,C
2022001633,107,F
2022001633,104,P
2022001633,105,C
2022001633,101,B
2022001634,106,B+
2022001634,107,P
2022001634,103,A
2022001634,105,F
2022001635,102,A+
2022001635,109,F
2022001636,106,B
2022001636,103,P
2022001636,101,O
2022001636,108,B+
2022001637,105,B+
2022001637,107,C
2022001638,101,A
2022001638,106,P
2022001638,105,P
2022001638,109,A
2022001639,101,F
2022001639,102,O
2022001640,110,B+
2022001640,101,P
2022001640,108,A
2022001641,110,B
2022001641,109,A
2022001642,105,P
2022001642,110,B+
2022001642,103,A
2022001643,104,P
2022001643,102,C
2022001643,106,F
2022001643,105,B+
2022001644,108,A
2022001644,102,F
2022001644,103,C
2022001645,102,O
2022001645,110,A+
2022001645,101,A+
2022001646,108,A+
2022001646,104,O
2022001647,106,O
2022001647,109,O
2022001648,109,C
2022001648,110,A+
2022001648,107,C
2022001648,108,C
2022001649,108,B+
2022001649,107,A
2022001649,110,B+
2022001649,106,B
2022001650,107,A+
2022001650,103,C
2022001650,109,C
2022001650,105,F
2022001651,108,F
2022001651,103,C
2022001651,102,A
2022001652,108,B
2022001652,101,B
2022001652,103,A+
2022001653,110,A
2022001653,107,A
2022001654,106,A
2022001654,105,P
2022001655,103,A+
2022001655,102,P
2022001655,106,A
2022001655,110,F
2022001656,105,B
2022001656,108,B+
2022001656,101,A+
2022001657,110,A
2022001657,107,F
2022001658,105,A+
2022001658,104,O
2022001658,103,A
2022001659,102,P
2022001659,109,F
2022001660,101,P
2022001660,107,F
2022001661,105,A
2022001661,108,O
2022001661,106,C
2022001661,107,F
2022001662,110,A
2022001662,103,F
2022001662,109,O
2022001663,108,F
2022001663,103,C
2022001663,106,C
2022001664,110,A+
2022001664,107,C
2022001664,109,A+
2022001664,102,A
2022001665,109,A
2022001665,101,B
2022001665,108,P
2022001666,102,A
2022001666,103,A+
2022001666,101,B+
2022001666,105,C
2022001667,102,B
2022001667,109,A+
2022001667,110,C
2022001667,108,F
2022001668,109,O
2022001668,104,P
2022001668,108,A
2022001668,105,C
2022001669,109,B
2022001669,103,B+
2022001670,104,B
2022001670,110,O
2022001670,108,F
2022001671,110,C
2022001671,106,A
2022001671,107,O
2022001671,105,B+
2022001672,101,B
2022001672,106,B
2022001672,107,F
2022001673,101,P
2022001673,109,C
2022001673,106,O
2022001674,102,B
2022001674,110,F
2022001674,109,A+
2022001675,103,C
2022001675,110,O
2022001675,105,A
2022001676,105,O
2022001676,107,O
2022001677,110,B
2022001677,106,P
2022001678,101,B+
2022001678,105,F
2022001679,106,P
2022001679,103,P
2022001680,105,O
2022001680,107,B
2022001680,102,P
2022001681,104,C
2022001681,110,C
2022001682,109,P
2022001682,107,P
2022001682,102,C
2022001682,103,A
2022001683,108,C
2022001683,109,B
2022001683,107,B+
2022001684,101,F
2022001684,107,B
2022001684,104,B
2022001685,109,A+
2022001685,102,F
2022001685,104,A+
2022001686,110,C
2022001686,107,A+
2022001686,108,O
2022001687,109,A
2022001687,104,A+
2022001687,103,B+
2022001687,108,A+
2022001688,109,A
2022001688,107,C
2022001689,101,A+
2022001689,108,A
2022001690,103,B+
2022001690,101,A+
2022001690,109,A+
2022001690,104,O
2022001691,105,O
2022001691,107,C
2022001691,106,A+
2022001691,109,A
2022001692,109,F
2022001692,105,C
2022001692,101,A+
2022001692,102,A+
2022001693,102,O
2022001693,107,A
2022001693,110,B+
2022001694,109,A+
2022001694,105,A
2022001694,107,A+
2022001694,102,A+
2022001695,106,O
2022001695,105,P
2022001695,108,B+
2022001695,103,B+
2022001696,106,O
2022001696,110,A+
2022001696,104,P
2022001696,108,C
2022001697,103,B+
2022001697,101,F
2022001698,101,B+
2022001698,103,F
2022001699,108,A
2022001699,107,F
2022001699,102,B
2022001699,109,O
2022001700,101,F
2022001700,108,A
2022001700,102,O
2022001700,103,A+
2022001701,106,A
2022001701,107,B+
2022001701,103,B
2022001701,109,A
2022001702,108,B+
2022001702,106,A+
2022001703,101,A+
2022001703,104,B+
2022001703,110,A
2022001704,106,C
2022001704,104,B+
2022001704,102,A
2022001704,107,P
2022001705,104,B
2022001705,110,P
2022001705,108,B
2022001705,103,B+
2022001706,108,P
2022001706,104,B
2022001706,101,C
2022001707,107,B+
2022001707,102,O
2022001707,105,B
2022001707,108,B
2022001708,109,A
2022001708,104,A+
2022001709,110,O
2022001709,103,A+
2022001710,105,F
2022001710,104,C
2022001711,101,O
2022001711,109,P
2022001712,109,A+
2022001712,108,F
2022001712,101,O
2022001712,104,A+
2022001713,107,C
2022001713,110,C
2022001713,105,A+
2022001714,109,B
2022001714,108,C
2022001714,110,F
2022001714,103,C
2022001715,104,F
2022001715,101,C
2022001715,105,F
2022001715,110,B
2022001716,101,F
2022001716,107,C
2022001716,104,B+
2022001717,110,B+
2022001717,101,A
2022001718,107,O
2022001718,102,C
2022001718,104,P
2022001718,109,F
2022001719,105,F
2022001719,102,C
2022001719,109,P
2022001720,107,F
2022001720,101,F
2022001720,106,F
2022001721,102,A
2022001721,108,A
2022001722,101,P
2022001722,106,P
2022001722,104,O
2022001723,110,A
2022001723,108,C
2022001723,102,P
2022001723,106,A
2022001724,102,P
2022001724,110,C
2022001724,101,O
2022001724,108,P
2022001725,102,A
2022001725,103,A
2022001725,101,A
2022001726,105,B+
2022001726,107,A+
2022001727,101,O
2022001727,109,P
2022001728,107,F
2022001728,110,A
2022001728,102,B
2022001729,110,C
2022001729,101,B+
2022001730,108,O
2022001730,107,F
2022001730,102,P
2022001731,101,A
2022001731,108,B
2022001731,106,B
2022001731,105,B+
2022001732,102,B+
2022001732,101,F
2022001733,104,F
2022001733,103,P
2022001733,105,P
2022001733,109,A
2022001734,110,F
2022001734,108,O
2022001734,103,C
2022001735,101,A+
2022001735,110,A+
2022001736,110,C
2022001736,107,F
2022001736,106,B
2022001737,109,A
2022001737,103,B+
2022001737,110,F
2022001737,104,B+
2022001738,106,P
2022001738,105,F
2022001738,110,O
2022001738,101,B
2022001739,104,A
2022001739,109,C
2022001740,106,B
2022001740,104,P
2022001740,109,A+
2022001741,106,A
2022001741,104,B
2022001742,108,C
2022001742,106,C
2022001742,109,A
2022001742,105,C
2022001743,106,F
2022001743,103,A+
2022001743,102,O
2022001744,108,F
2022001744,104,C
2022001745,104,P
2022001745,110,B+
2022001745,108,B+
2022001745,105,C
2022001746,108,B+
2022001746,106,C
2022001747,107,F
2022001747,103,B
2022001748,101,C
2022001748,102,C
2022001748,106,B+
2022001749,102,A
2022001749,103,C
2022001749,105,B+
2022001749,104,B+
2022001750,110,B+
2022001750,106,F
2022001750,101,F
2022001750,108,O
2022001751,105,C
2022001751,103,A+
2022001752,103,P
2022001752,106,A
2022001752,104,C
2022001753,101,A+
2022001753,103,F
2022001754,101,F
2022001754,103,B
2022001755,102,A+
2022001755,106,F
2022001755,104,P
2022001755,103,B+
2022001756,106,B
2022001756,110,A
2022001757,110,C
2022001757,107,O
2022001757,102,F
2022001757,101,B+
2022001758,104,B+
2022001758,110,O
2022001759,106,C
2022001759,110,C
2022001759,107,F
2022001759,109,A
2022001760,110,B
2022001760,104,C
2022001761,106,F
2022001761,104,C
2022001762,105,B+
2022001762,103,B+
2022001762,108,A+
2022001762,102,B
2022001763,110,O
2022001763,102,B+
2022001763,103,B
2022001764,109,B+
2022001764,106,P
2022001764,108,P
2022001764,105,O
2022001765,106,B
2022001765,110,B
2022001766,108,B+
2022001766,110,A
2022001766,105,B
2022001766,109,O
2022001767,110,O
2022001767,101,P
2022001767,104,A+
2022001767,102,C
2022001768,104,F
2022001768,107,A
2022001768,110,F
2022001769,107,P
2022001769,103,A
2022001769,106,F
2022001770,102,C
2022001770,103,A+
2022001770,110,B
2022001770,109,F
2022001771,106,B
2022001771,104,B+
2022001771,101,F
2022001771,109,B
2022001772,108,A
2022001772,110,A
2022001772,107,C
2022001773,108,O
2022001773,106,A+
2022001773,105,O
2022001774,103,C
2022001774,108,F
2022001775,102,C
2022001775,106,A
2022001775,110,C
2022001776,109,P
2022001776,110,O
2022001776,102,P
2022001776,107,C
2022001777,102,P
2022001777,110,A
2022001778,101,C
2022001778,109,O
2022001778,104,B
2022001779,106,C
2022001779,105,O
2022001780,105,O
2022001780,104,A
2022001780,103,F
2022001780,107,A+
2022001781,105,A+
2022001781,110,A
2022001782,107,A
2022001782,101,A+
2022001782,108,A
2022001783,104,B+
2022001783,110,A+
2022001783,109,C
2022001784,109,C
2022001784,110,C
2022001785,108,A+
2022001785,106,P
2022001785,102,C
2022001785,103,A+
2022001786,107,F
2022001786,104,P
2022001786,108,O
2022001787,101,P
2022001787,106,P
2022001787,103,A
2022001787,105,A+
2022001788,101,B+
2022001788,108,F
2022001788,106,A
2022001789,107,A+
2022001789,110,B
2022001790,109,B+
2022001790,105,B+
2022001790,106,O
2022001790,110,O
2022001791,101,O
2022001791,103,B+
2022001791,109,F
2022001791,108,O
2022001792,104,O
2022001792,107,B+
2022001792,102,B+
2022001793,108,A
2022001793,102,A
2022001794,108,C
2022001794,105,C
2022001794,102,P
2022001794,110,P
2022001795,109,O
2022001795,103,B
2022001795,101,F
2022001795,107,O
2022001796,103,P
2022001796,104,A+
2022001797,105,O
2022001797,104,B+
2022001797,109,O
2022001798,109,B+
2022001798,102,B+
2022001798,108,F
2022001798,101,O
2022001799,101,C
2022001799,103,A+
2022001799,106,C
2022001799,107,A
